TeamID,Org,League,Year,Team,W,L,T,Pct,GB,RF,RA,Pyth,xWin,W_added,Season,Postseason
1.0,MSCR,Pacific,2003,Rockers,2,12,0,0.143,0.0,73.0,147.0,0.198,2.8,-0.8,0,0.0
,MSCR,Pacific,2003,Top Promotions,2,0,0,1.0,0.0,29.0,6.0,0.959,1.9,0.1,0,0.0
,MSCR,Pacific,2003,Big 10 Pub,2,0,0,1.0,0.0,26.0,9.0,0.893,1.8,0.2,0,0.0
,MSCR,Pacific,2003,Madtown Ms,2,0,0,1.0,0.0,23.0,12.0,0.786,1.6,0.4,0,0.0
,MSCR,Pacific,2003,Warriors,2,0,0,1.0,0.0,21.0,2.0,0.991,2,0,0,0.0
,MSCR,Pacific,2003,Madison Diamonds,2,0,0,1.0,0.0,15.0,11.0,0.65,1.3,0.7,0,0.0
,MSCR,Pacific,2003,Badger Sports,1,1,0,0.5,0.0,21.0,20.0,0.524,1,0,0,0.0
,MSCR,Pacific,2003,Bucks,1,1,0,0.5,0.0,12.0,13.0,0.46,0.9,0.1,0,0.0
,MSCR,Pacific,2004,Big 10 Pub,13,1,0,0.929,0.0,105.0,43.0,0.856,12,1,1,
1.0,MSCR,Pacific,2004,Rockers,9,5,0,0.643,4.0,95.0,62.0,0.701,9.8,-0.8,0,0.0
,MSCR,Pacific,2004,Warriors,8,6,0,0.571,5.0,94.0,78.0,0.592,8.3,-0.3,0,
,MSCR,Pacific,2004,Bucks,8,6,0,0.571,5.0,93.0,79.0,0.581,8.1,-0.1,0,0.0
,MSCR,Pacific,2004,Top Promotions,7,7,0,0.5,6.0,67.0,76.0,0.437,6.1,0.9,0,0.0
,MSCR,Pacific,2004,Eastside,5,9,0,0.357,7.0,67.0,76.0,0.437,6.1,-1.1,0,0.0
,MSCR,Pacific,2004,Don the Muffler Man,5,9,0,0.357,7.0,64.0,73.0,0.435,6.1,-1.1,0,0.0
,MSCR,Pacific,2004,Packer Inn,1,13,0,0.071,12.0,51.0,149.0,0.105,1.5,-0.5,0,0.0
,MSCR,Pacific,2005,Big 10 Pub,11,5,0,0.688,0.0,115.0,72.0,0.718,11.5,-0.5,1,
,MSCR,Pacific,2005,Echo Tap,10,7,0,0.588,1.0,122.0,90.0,0.648,11,-1,0,0.0
1.0,MSCR,Pacific,2005,Rockers,10,7,0,0.588,1.0,114.0,65.0,0.755,12.8,-2.8,0,0.0
,MSCR,Pacific,2005,Bucks,9,8,0,0.529,2.0,99.0,99.0,0.5,8.5,0.5,0,
,MSCR,Pacific,2005,Warriors,9,7,0,0.563,2.0,91.0,107.0,0.42,6.7,2.3,0,
,MSCR,Pacific,2005,El Dorado,0,15,0,0.0,11.0,25.0,133.0,0.034,0.5,-0.5,0,0.0
,MSCR,Pacific,2006,Bucks,11,4,0,0.733,0.0,91.0,77.0,0.583,8.7,2.3,1,0.0
,MSCR,Pacific,2006,Echo Tap,10,5,0,0.667,1.0,101.0,67.0,0.694,10.4,-0.4,0,0.0
,MSCR,Pacific,2006,Big 10 Pub,9,6,0,0.6,2.0,103.0,78.0,0.636,9.5,-0.5,0,1.0
,MSCR,Pacific,2006,Swim & Stix,9,6,0,0.6,2.0,51.0,49.0,0.52,7.8,1.2,0,0.0
,MSCR,Pacific,2006,Precise,7,8,0,0.467,4.0,92.0,111.0,0.407,6.1,0.9,0,0.0
1.0,MSCR,Pacific,2006,Rockers,6,9,0,0.4,5.0,86.0,78.0,0.549,8.2,-2.2,0,0.0
,MSCR,Pacific,2006,Warriors,1,14,0,0.067,10.0,44.0,101.0,0.16,2.4,-1.4,0,0.0
,MSCR,Pacific,2007,Echo Tap,12,2,0,0.857,0.0,61.0,20.0,0.903,12.6,-0.6,1,1.0
,MSCR,Pacific,2007,Precise,11,3,0,0.786,1.0,67.0,27.0,0.86,12,-1,0,0.0
,MSCR,Pacific,2007,Bucks,11,3,0,0.786,1.0,56.0,36.0,0.708,9.9,1.1,0,0.0
1.0,MSCR,Pacific,2007,Rockers,9,5,0,0.643,3.0,126.0,66.0,0.785,11,-2,0,0.0
,MSCR,Pacific,2007,Warriors,5,9,0,0.357,7.0,30.0,56.0,0.223,3.1,1.9,0,0.0
,MSCR,Pacific,2007,Badger Sports,3,11,0,0.214,9.0,24.0,56.0,0.155,2.2,0.8,0,0.0
,MSCR,Pacific,2007,Rooks,3,11,0,0.214,9.0,16.0,54.0,0.081,1.1,1.9,0,0.0
,MSCR,Pacific,2007,Brewers,2,12,0,0.143,10.0,24.0,89.0,0.068,0.9,1.1,0,0.0
,MSCR,Northern,2008,Epic,5,2,0,0.714,,,,,#DIV/0!,#DIV/0!,0,0.0
,MSCR,Northern,2008,Bill Lee,4,3,0,0.571,,,,,#DIV/0!,#DIV/0!,0,0.0
,MSCR,Northern,2008,Wildman Fischer,4,1,0,0.8,,,,,#DIV/0!,#DIV/0!,0,0.0
,MSCR,Northern,2008,El Dorado,2,2,0,0.5,,,,,#DIV/0!,#DIV/0!,0,0.0
,MSCR,Northern,2008,Buschmen,2,2,0,0.5,,,,,#DIV/0!,#DIV/0!,0,0.0
,MSCR,Northern,2008,Blue Sox,0,7,0,0.0,,,,,#DIV/0!,#DIV/0!,0,0.0
,MSCR,Pacific,2008,Precise,13,2,0,0.867,0.0,68.0,32.0,0.819,12.3,0.7,1,0.0
,MSCR,Pacific,2008,Busch Boys,11,4,0,0.733,2.0,65.0,33.0,0.795,11.9,-0.9,0,1.0
,MSCR,Pacific,2008,Echo Tap,6,9,0,0.4,7.0,67.0,56.0,0.589,8.8,-2.8,0,0.0
,MSCR,Pacific,2008,Raowness,6,9,0,0.4,7.0,36.0,58.0,0.278,4.2,1.8,0,0.0
1.0,MSCR,Pacific,2008,Rockers,5,10,0,0.333,8.0,84.0,115.0,0.348,5.2,-0.2,0,0.0
,MSCR,Pacific,2008,Bucks,4,11,0,0.267,9.0,26.0,49.0,0.22,3.3,0.7,0,0.0
,MSCR,Caspian,2009,Bill Lee,8,2,0,0.8,0.0,,,,#DIV/0!,#DIV/0!,1,0.0
,MSCR,Caspian,2009,Annabelle Lee,8,2,0,0.8,0.0,,,,#DIV/0!,#DIV/0!,1,1.0
,MSCR,Caspian,2009,Interstate Battery,7,3,0,0.7,1.0,,,,#DIV/0!,#DIV/0!,0,0.0
,MSCR,Caspian,2009,Paisan's,3,7,0,0.3,5.0,,,,#DIV/0!,#DIV/0!,0,0.0
,MSCR,Caspian,2009,Blue Sox,2,8,0,0.2,6.0,,,,#DIV/0!,#DIV/0!,0,0.0
,MSCR,Caspian,2009,Bowl-A-Vard,2,8,0,0.2,6.0,,,,#DIV/0!,#DIV/0!,0,0.0
,MSCR,Pacific,2009,Busch Boys,13,2,0,0.867,0.0,151.0,55.0,0.883,13.2,-0.2,1,1.0
,MSCR,Pacific,2009,Precise,10,5,0,0.667,3.0,107.0,72.0,0.688,10.3,-0.3,0,0.0
,MSCR,Pacific,2009,Wilson's,7,8,0,0.467,5.0,93.0,116.0,0.391,5.9,1.1,0,0.0
1.0,MSCR,Pacific,2009,Rockers,6,9,0,0.4,6.0,78.0,96.0,0.398,6,0,0,0.0
,MSCR,Pacific,2009,Echo Tap,5,10,0,0.333,7.0,82.0,124.0,0.304,4.6,0.4,0,0.0
,MSCR,Pacific,2009,Bucks,4,11,0,0.267,8.0,62.0,110.0,0.241,3.6,0.4,0,0.0
,MABL,18+,2010,Athletics,10,2,0,0.833,0.0,120.0,68.0,0.757,9.1,0.9,0,0.0
,MABL,18+,2010,Cardinals,10,2,0,0.833,0.0,0.0,0.0,,#DIV/0!,#DIV/0!,1,1.0
,MABL,18+,2010,Braves,7,5,0,0.583,3.0,0.0,0.0,,#DIV/0!,#DIV/0!,0,0.0
,MABL,18+,2010,Black Sox,2,10,0,0.167,8.0,0.0,0.0,,#DIV/0!,#DIV/0!,0,0.0
,MABL,18+,2010,Bulldogs,1,11,0,0.083,9.0,0.0,0.0,,#DIV/0!,#DIV/0!,0,0.0
,MSCR,Caspian,2010,Annabelle Lee,9,1,0,0.9,0.0,95.0,70.0,0.648,6.5,2.5,1,1.0
,MSCR,Caspian,2010,Don the Car Care Man,8,2,0,0.8,1.0,,,,#DIV/0!,#DIV/0!,0,1.0
,MSCR,Caspian,2010,Cellar Lazer Dawgs,6,4,0,0.6,3.0,,,,#DIV/0!,#DIV/0!,0,0.0
,MSCR,Caspian,2010,Bill Lee,6,4,0,0.6,3.0,,,,#DIV/0!,#DIV/0!,0,0.0
,MSCR,Caspian,2010,Black N Tans,4,6,0,0.4,5.0,,,,#DIV/0!,#DIV/0!,0,0.0
,MSCR,Caspian,2010,Buschmen,3,7,0,0.3,6.0,,,,#DIV/0!,#DIV/0!,0,0.0
,MSCR,Caspian,2010,Paradise,2,8,0,0.2,7.0,,,,#DIV/0!,#DIV/0!,0,0.0
,MSCR,Caspian,2010,Rick's Olde Gold,2,8,0,0.2,7.0,,,,#DIV/0!,#DIV/0!,0,0.0
,MSCR,Pacific,2010,Busch Boys,14,1,0,0.933,0.0,147.0,47.0,0.907,13.6,0.4,1,1.0
1.0,MSCR,Pacific,2010,Rockers,11,4,0,0.733,3.0,118.0,52.0,0.837,12.6,-1.6,0,0.0
,MSCR,Pacific,2010,Precise,9,6,0,0.6,5.0,87.0,87.0,0.5,7.5,1.5,0,0.0
,MSCR,Pacific,2010,Warriors,9,6,0,0.6,5.0,78.0,55.0,0.668,10,-1,0,0.0
,MSCR,Pacific,2010,Doughboys,8,7,0,0.533,6.0,110.0,100.0,0.548,8.2,-0.2,0,0.0
,MSCR,Pacific,2010,Berghoff,7,8,0,0.467,7.0,100.0,108.0,0.462,6.9,0.1,0,0.0
,MSCR,Pacific,2010,Pooley's,6,9,0,0.4,8.0,115.0,112.0,0.513,7.7,-1.7,0,0.0
,MSCR,Pacific,2010,Epic,5,10,0,0.333,9.0,108.0,137.0,0.383,5.7,-0.7,0,0.0
,MSCR,Pacific,2010,Badger Sports,3,11,0,0.214,11.0,65.0,131.0,0.198,2.8,0.2,0,0.0
,MSCR,Pacific,2010,VTS,2,12,0,0.143,12.0,60.0,159.0,0.125,1.7,0.3,0,0.0
,MABL,18+,2011,Athletics,12,6,0,0.667,0.0,149.0,65.0,0.84,15.1,-3.1,0,1.0
,MABL,18+,2011,Braves,12,3,0,0.8,0.0,0.0,0.0,,#DIV/0!,#DIV/0!,0,0.0
,MABL,18+,2011,Reds,11,4,0,0.733,0.0,0.0,0.0,,#DIV/0!,#DIV/0!,1,0.0
,MABL,18+,2011,Bulldogs,8,8,0,0.5,0.0,0.0,0.0,,#DIV/0!,#DIV/0!,0,0.0
,MABL,18+,2011,Black Sox,4,12,0,0.25,0.0,0.0,0.0,,#DIV/0!,#DIV/0!,0,0.0
,MABL,18+,2011,Knights,0,16,0,0.0,0.0,0.0,0.0,,#DIV/0!,#DIV/0!,0,0.0
,MSCR,Caspian,2011,Paradise,10,0,0,1.0,0.0,,,,,,1,1.0
,MSCR,Caspian,2011,Doughboys,7,3,0,0.7,3.0,,,,,,0,0.0
,MSCR,Caspian,2011,Bill Lee,6,4,0,0.6,4.0,70.0,54.0,0.627,6.3,-0.3,0,0.0
,MSCR,Caspian,2011,Black N Tans,3,7,0,0.3,7.0,,,,,,0,0.0
,MSCR,Caspian,2011,Cellar Lazer Dawgs,2,8,0,0.2,8.0,,,,,,0,0.0
,MSCR,Caspian,2011,Rick's Olde Gold,2,8,0,0.2,8.0,,,,,,0,0.0
,MSCR,Pacific,2011,Berghoff,11,3,0,0.786,0.0,112.0,69.0,0.725,10.1,0.9,1,1.0
1.0,MSCR,Pacific,2011,Rockers,9,5,0,0.643,2.0,144.0,77.0,0.778,10.9,-1.9,0,0.0
,MSCR,Pacific,2011,Warriors,9,6,0,0.6,2.5,86.0,89.0,0.483,7.2,1.8,0,0.0
,MSCR,Pacific,2011,Epic,8,6,0,0.571,3.0,84.0,82.0,0.512,7.2,0.8,0,0.0
,MSCR,Pacific,2011,Pooley's,3,11,0,0.214,8.0,87.0,113.0,0.372,5.2,-2.2,0,0.0
,MSCR,Pacific,2011,Badger Sports,3,12,0,0.2,8.5,63.0,146.0,0.157,2.4,0.6,0,0.0
,RRL,Southern,2011,Neosho,16,2,0,0.889,0.0,,,,,,1,0.0
,RRL,Southern,2011,Clyman,14,4,0,0.778,2.0,,,,,,0,0.0
,RRL,Southern,2011,Rockers,13,6,0,0.684,3.5,144.0,82.0,0.755,14.3,-1.3,0,0.0
,RRL,Southern,2011,Black Sox,13,6,0,0.684,3.5,,,,,,0,0.0
,RRL,Southern,2011,Watertown,12,8,0,0.6,5.0,,,,,,0,0.0
,RRL,Southern,2011,Milton,10,8,0,0.556,6.0,,,,,,0,0.0
,RRL,Southern,2011,Johnson Creek,6,12,0,0.333,10.0,,,,,,0,0.0
,RRL,Southern,2011,Lebanon,5,13,0,0.278,11.0,,,,,,0,0.0
,RRL,Southern,2011,Farmington,2,16,0,0.111,14.0,,,,,,0,0.0
,RRL,Southern,2011,Ashippun,1,17,0,0.056,15.0,,,,,,0,0.0
,MABL,18+,2012,Black Sox,11,5,0,0.688,0.0,141.0,113.0,0.609,9.7,1.3,1,1.0
,MABL,18+,2012,Braves,11,5,0,0.688,0.0,128.0,118.0,0.541,8.6,2.4,0,0.0
,MABL,18+,2012,Athletics,10,6,0,0.625,1.0,169.0,103.0,0.729,11.7,-1.7,0,0.0
,MABL,18+,2012,Reds,10,6,0,0.625,1.0,149.0,92.0,0.724,11.6,-1.6,0,0.0
,MABL,18+,2012,Bulldogs,8,8,0,0.5,3.0,144.0,123.0,0.578,9.3,-1.3,0,0.0
,MABL,18+,2012,Diablos,6,10,0,0.375,5.0,119.0,152.0,0.38,6.1,-0.1,0,0.0
,MABL,18+,2012,Angels,0,16,0,0.0,11.0,82.0,231.0,0.112,1.8,-1.8,0,0.0
,MABL,35+,2012,Athletics,14,1,1,0.933,0.0,131.0,44.0,0.899,14.4,-0.4,1,0.0
,MABL,35+,2012,Rangers,11,4,1,0.733,3.0,125.0,86.0,0.679,10.9,0.1,0,0.0
,MABL,35+,2012,Cubs,7,9,0,0.438,7.5,108.0,117.0,0.46,7.4,-0.4,0,0.0
,MABL,35+,2012,HomeBrewers,5,11,0,0.313,9.5,85.0,109.0,0.378,6.1,-1.1,0,0.0
,MABL,35+,2012,Grays,2,14,0,0.125,12.5,60.0,153.0,0.133,2.1,-0.1,0,0.0
,MSCR,Caspian,2012,Pooley's,8,2,0,0.8,0.0,,,,,,1,1.0
,MSCR,Caspian,2012,Bill Lee,7,3,0,0.7,1.0,115.0,54.0,0.819,8.2,-1.2,0,0.0
,MSCR,Caspian,2012,Paradise,7,3,0,0.7,1.0,,,,,,0,0.0
,MSCR,Caspian,2012,Rick's Olde Gold,3,7,0,0.3,5.0,,,,,,0,0.0
,MSCR,Caspian,2012,Black N Tans,4,6,0,0.4,6.0,,,,,,0,0.0
,MSCR,Caspian,2012,Cellar Lazer Dawgs,1,9,0,0.1,7.0,,,,,,0,0.0
1.0,MSCR,Pacific,2012,Rockers,13,2,0,0.867,0.0,153.0,31.0,0.961,14.4,-1.4,1,1.0
,MSCR,Pacific,2012,UW Club,9,6,0,0.6,4.0,92.0,89.0,0.517,7.7,1.3,0,0.0
,MSCR,Pacific,2012,Epic,9,6,0,0.6,4.0,85.0,82.0,0.518,7.8,1.2,0,0.0
,MSCR,Pacific,2012,Berghoff,8,7,0,0.533,8.0,89.0,92.0,0.483,7.3,0.7,0,0.0
,MSCR,Pacific,2012,Badger Sports,3,12,0,0.2,10.0,69.0,125.0,0.234,3.5,-0.5,0,0.0
,MSCR,Pacific,2012,Dahmen's,3,12,0,0.2,10.0,50.0,119.0,0.15,2.3,0.7,0,0.0
,RRL,Northern,2012,Kewaskum,15,1,0,0.938,0.0,125.0,46.0,0.881,14.1,0.9,1,1.0
,RRL,Northern,2012,Hustisford,12,4,0,0.75,3.0,133.0,87.0,0.7,11.2,0.8,0,0.0
,RRL,Northern,2012,Rubicon,11,5,0,0.688,4.0,157.0,50.0,0.908,14.5,-3.5,0,0.0
,RRL,Northern,2012,Brownsville,11,5,0,0.688,4.0,107.0,55.0,0.791,12.7,-1.7,0,0.0
,RRL,Northern,2012,Oakfield,9,7,0,0.563,6.0,90.0,57.0,0.714,11.4,-2.4,0,0.0
,RRL,Northern,2012,Hartford,6,10,0,0.375,9.0,76.0,101.0,0.362,5.8,0.2,0,0.0
,RRL,Northern,2012,Horicon,5,11,0,0.313,10.0,65.0,146.0,0.165,2.6,2.4,0,0.0
,RRL,Northern,2012,Slinger,3,13,0,0.188,12.0,46.0,137.0,0.101,1.6,1.4,0,0.0
,RRL,Northern,2012,Milwaukee,0,16,0,0.0,15.0,43.0,163.0,0.065,1,-1,0,0.0
,RRL,Southern,2012,Neosho,14,2,0,0.875,0.0,,,,#DIV/0!,#DIV/0!,1,0.0
,RRL,Southern,2012,Milton,13,3,0,0.813,0.0,,,,#DIV/0!,#DIV/0!,1,0.0
,RRL,Southern,2012,Janesville,12,4,0,0.75,1.0,,,,#DIV/0!,#DIV/0!,0,0.0
,RRL,Southern,2012,Clyman,12,4,0,0.75,2.0,,,,#DIV/0!,#DIV/0!,0,0.0
,RRL,Southern,2012,Black Sox,10,7,0,0.588,3.5,,,,#DIV/0!,#DIV/0!,0,0.0
,RRL,Southern,2012,Watertown,10,6,0,0.625,4.0,,,,#DIV/0!,#DIV/0!,0,0.0
,RRL,Southern,2012,Rockers,9,8,0,0.529,4.5,120.0,80.0,0.692,11.8,-2.8,0,0.0
,RRL,Southern,2012,Lebanon,7,9,0,0.438,7.0,,,,#DIV/0!,#DIV/0!,0,0.0
,RRL,Southern,2012,Johnson Creek,6,10,0,0.375,8.0,,,,#DIV/0!,#DIV/0!,0,0.0
,RRL,Southern,2012,Farmington,3,13,0,0.188,10.0,,,,#DIV/0!,#DIV/0!,0,0.0
,RRL,Southern,2012,Helenville,0,16,0,0.0,12.0,,,,#DIV/0!,#DIV/0!,0,0.0
,RRL,Southern,2012,Ashippun,1,15,0,0.063,13.0,,,,#DIV/0!,#DIV/0!,0,0.0
,MABL,18+,2013,Athletics,12,3,0,0.8,0.0,105.0,57.0,0.772,11.6,0.4,1,0.0
,MABL,18+,2013,Monarchs,11,4,0,0.733,1.0,99.0,86.0,0.57,8.5,2.5,0,1.0
,MABL,18+,2013,Reds,8,7,0,0.533,4.0,119.0,55.0,0.824,12.4,-4.4,0,0.0
,MABL,18+,2013,Angels,6,9,0,0.4,6.0,77.0,98.0,0.382,5.7,0.3,0,0.0
,MABL,18+,2013,Black Sox,4,11,0,0.267,8.0,81.0,131.0,0.277,4.1,-0.1,0,0.0
,MABL,18+,2013,Bulldogs,4,11,0,0.267,8.0,76.0,130.0,0.255,3.8,0.2,0,0.0
,MABL,45+,2013,Bears,6,4,0,0.6,0.0,0.0,0.0,,#DIV/0!,#DIV/0!,0,0.0
,MABL,45+,2013,Crawfords,5,5,0,0.5,1.0,0.0,0.0,,#DIV/0!,#DIV/0!,0,0.0
,MABL,45+,2013,Grays,4,6,0,0.4,2.0,0.0,0.0,,#DIV/0!,#DIV/0!,0,0.0
1.0,MSCR,Pacific,2013,Rockers,13,2,0,0.867,0.0,105.0,29.0,0.929,13.9,-0.9,1,1.0
,MSCR,Pacific,2013,UW Club,7,8,0,0.467,6.0,56.0,61.0,0.457,6.9,0.1,0,0.0
,MSCR,Pacific,2013,Epic,6,9,0,0.4,7.0,66.0,77.0,0.424,6.4,-0.4,0,0.0
,MSCR,Pacific,2013,Badger Sports,4,11,0,0.267,9.0,51.0,111.0,0.174,2.6,1.4,0,0.0
,MSCR,Northern,2013,Bill Lee,10,0,0,1.0,0.0,89.0,31.0,0.892,8.9,1.1,1,1.0
,MSCR,Northern,2013,Pooley's,7,3,0,0.7,3.0,,,,,,0,0.0
,MSCR,Northern,2013,Rick's Olde Gold,5,5,0,0.5,5.0,,,,,,0,0.0
,MSCR,Northern,2013,Blue Sox,4,6,0,0.4,6.0,,,,,,0,0.0
,MSCR,Northern,2013,Paradise,4,6,0,0.4,6.0,,,,,,0,0.0
,MSCR,Northern,2013,Black N Tans,3,7,0,0.3,7.0,,,,,,0,0.0
,MSCR,Northern,2013,Cellar Lazer Dawgs,2,8,0,0.2,8.0,,,,,,0,0.0
,RRL,Northern,2013,Kewaskum,14,2,0,0.875,0.0,111.0,41.0,0.88,14.1,-0.1,1,0.0
,RRL,Northern,2013,Brownsville,13,3,0,0.813,1.0,129.0,35.0,0.931,14.9,-1.9,0,0.0
,RRL,Northern,2013,Rubicon,12,4,0,0.75,2.0,107.0,43.0,0.861,13.8,-1.8,0,0.0
,RRL,Northern,2013,Hartford,10,7,0,0.588,4.5,87.0,56.0,0.707,12,-2,0,1.0
,RRL,Northern,2013,Hustisford,9,8,0,0.529,5.5,123.0,96.0,0.621,10.6,-1.6,0,0.0
,RRL,Northern,2013,Slinger,8,8,0,0.5,6.0,102.0,110.0,0.462,7.4,0.6,0,0.0
,RRL,Northern,2013,Horicon,4,12,0,0.25,10.0,61.0,140.0,0.16,2.6,1.4,0,0.0
,RRL,Northern,2013,Oakfield,3,13,0,0.188,11.0,49.0,101.0,0.191,3,0,0,0.0
,RRL,Northern,2013,Juneau,0,16,0,0.0,14.0,33.0,180.0,0.033,0.5,-0.5,0,0.0
,RRL,Southern,2013,Watertown,14,2,0,0.875,0.0,104.0,42.0,0.86,13.8,0.2,1,0.0
,RRL,Southern,2013,Milton,13,3,0,0.813,0.0,126.0,25.0,0.962,15.4,-2.4,1,0.0
,RRL,Southern,2013,Neosho,13,3,0,0.813,1.0,146.0,42.0,0.924,14.8,-1.8,0,0.0
,RRL,Southern,2013,Clyman,11,5,0,0.688,3.0,105.0,42.0,0.862,13.8,-2.8,0,0.0
,RRL,Southern,2013,Lebanon,11,5,0,0.688,3.0,79.0,46.0,0.747,11.9,-0.9,0,0.0
,RRL,Southern,2013,Black Sox,10,6,0,0.625,3.0,86.0,55.0,0.71,11.4,-1.4,0,0.0
,RRL,Southern,2013,Rockers,8,8,0,0.5,5.0,89.0,79.0,0.559,8.9,-0.9,0,0.0
,RRL,Southern,2013,Janesville,6,10,0,0.375,7.0,91.0,108.0,0.415,6.6,-0.6,0,0.0
,RRL,Southern,2013,Johnson Creek,5,11,0,0.313,9.0,78.0,117.0,0.308,4.9,0.1,0,0.0
,RRL,Southern,2013,Farmington,2,14,0,0.125,11.0,34.0,166.0,0.04,0.6,1.4,0,0.0
,RRL,Southern,2013,Ashippun,2,14,0,0.125,12.0,55.0,161.0,0.105,1.7,0.3,0,0.0
,RRL,Southern,2013,Helenville,1,15,0,0.063,12.0,40.0,150.0,0.066,1.1,-0.1,0,0.0
,MABL,18+,2014,Athletics,11,4,0,0.733,0.0,166.0,81.0,0.808,12.1,-1.1,1,0.0
,MABL,18+,2014,Monarchs,10,5,0,0.667,1.0,123.0,98.0,0.612,9.2,0.8,0,1.0
,MABL,18+,2014,Bulldogs,9,6,0,0.6,2.0,113.0,75.0,0.694,10.4,-1.4,0,0.0
,MABL,18+,2014,Orioles,8,7,0,0.533,3.0,104.0,132.0,0.383,5.7,2.3,0,0.0
,MABL,18+,2014,Angels,5,10,0,0.333,6.0,89.0,149.0,0.263,3.9,1.1,0,0.0
,MABL,18+,2014,Grays,2,13,0,0.133,9.0,94.0,154.0,0.271,4.1,-2.1,0,0.0
,MABL,35+,2014,Diablos,11,3,0,0.786,0.0,127.0,56.0,0.837,11.7,-0.7,1,0.0
,MABL,35+,2014,Pirates,11,3,0,0.786,0.0,112.0,84.0,0.64,9,2,0,0.0
,MABL,35+,2014,Athletics,9,5,0,0.643,2.0,123.0,85.0,0.677,9.5,-0.5,0,0.0
,MABL,35+,2014,Mariners,8,6,0,0.571,3.0,111.0,91.0,0.598,8.4,-0.4,0,0.0
,MABL,35+,2014,HomeBrewers,7,7,0,0.5,4.0,85.0,86.0,0.494,6.9,0.1,0,0.0
,MABL,35+,2014,Latin Raiders,5,9,0,0.357,6.0,62.0,80.0,0.375,5.3,-0.3,0,0.0
,MABL,35+,2014,White Sox,3,11,0,0.214,8.0,72.0,124.0,0.252,3.5,-0.5,0,0.0
,MABL,35+,2014,Rangers,2,12,0,0.143,9.0,61.0,147.0,0.147,2.1,-0.1,0,0.0
,MABL,45+,2014,Grays,7,5,0,0.583,0.0,99.0,105.0,0.471,5.6,1.4,0,0.0
,MABL,45+,2014,Crawfords,6,6,0,0.5,1.0,132.0,109.0,0.595,7.1,-1.1,0,0.0
,MABL,45+,2014,Bears,5,7,0,0.417,2.0,99.0,116.0,0.421,5.1,-0.1,0,0.0
1.0,MSCR,Pacific,2014,Rockers,14,2,0,0.875,0.0,132.0,38.0,0.923,14.8,-0.8,1,1.0
,MSCR,Pacific,2014,Epic,11,5,0,0.688,3.0,97.0,56.0,0.75,12,-1,0,0.0
,MSCR,Pacific,2014,What A Hack,7,9,0,0.438,7.0,71.0,88.0,0.394,6.3,0.7,0,0.0
,MSCR,Pacific,2014,Pooley's,5,11,0,0.313,9.0,80.0,116.0,0.322,5.2,-0.2,0,0.0
,MSCR,Pacific,2014,Badger Sports,3,13,0,0.188,11.0,54.0,136.0,0.136,2.2,0.8,0,0.0
,MSCR,Northern,2014,Bill Lee,10,0,0,1.0,0.0,107.0,38.0,0.888,8.9,1.1,1,1.0
,MSCR,Northern,2014,Paradise,8,2,0,0.8,2.0,,,,,,0,0.0
,MSCR,Northern,2014,Dahmen's,5,5,0,0.5,5.0,,,,,,0,0.0
,MSCR,Northern,2014,Busch,4,6,0,0.4,6.0,,,,,,0,0.0
,MSCR,Northern,2014,Black N Tans,3,7,0,0.3,7.0,,,,,,0,0.0
,MSCR,Northern,2014,Blue Sox,3,7,0,0.3,7.0,,,,,,0,0.0
,MSCR,Northern,2014,Cellar Lazer Dawgs,2,8,0,0.2,8.0,,,,,,0,0.0
,RRL,Northern,2014,Kewaskum,16,3,0,0.842,0.0,137.0,53.0,0.87,16.5,-0.5,1,0.0
,RRL,Northern,2014,Brownsville,14,4,0,0.778,1.0,123.0,47.0,0.873,15.7,-1.7,0,1.0
,RRL,Northern,2014,Rubicon,13,5,0,0.722,2.0,143.0,62.0,0.842,15.2,-2.2,0,0.0
,RRL,Northern,2014,Hartford,12,6,0,0.667,3.0,132.0,75.0,0.756,13.6,-1.6,0,0.0
,RRL,Northern,2014,Slinger,10,8,0,0.556,5.0,117.0,101.0,0.573,10.3,-0.3,0,0.0
,RRL,Northern,2014,Hustisford,9,9,0,0.5,6.0,132.0,113.0,0.577,10.4,-1.4,0,0.0
,RRL,Northern,2014,Lebanon,8,10,0,0.444,7.0,86.0,153.0,0.24,4.3,3.7,0,0.0
,RRL,Northern,2014,Oakfield,6,12,0,0.333,9.0,96.0,126.0,0.367,6.6,-0.6,0,0.0
,RRL,Northern,2014,Juneau,2,16,0,0.111,13.0,50.0,174.0,0.076,1.4,0.6,0,0.0
,RRL,Northern,2014,Ashippun,1,17,0,0.056,14.0,73.0,185.0,0.135,2.4,-1.4,0,0.0
,RRL,Southern,2014,Neosho,16,2,0,0.889,0.0,165.0,43.0,0.936,16.9,-0.9,1,0.0
,RRL,Southern,2014,Milton,13,5,0,0.722,3.0,116.0,62.0,0.778,14,-1,0,0.0
,RRL,Southern,2014,Clyman,12,6,0,0.667,4.0,109.0,51.0,0.82,14.8,-2.8,0,0.0
,RRL,Southern,2014,Janesville,9,9,0,0.5,7.0,99.0,105.0,0.471,8.5,0.5,0,0.0
,RRL,Southern,2014,Black Sox,9,9,0,0.5,7.0,97.0,79.0,0.601,10.8,-1.8,0,0.0
,RRL,Southern,2014,Johnson Creek,9,9,0,0.5,7.0,85.0,75.0,0.562,10.1,-1.1,0,0.0
,RRL,Southern,2014,Rockers,8,10,0,0.444,8.0,97.0,90.0,0.537,9.7,-1.7,0,0.0
,RRL,Southern,2014,Watertown,7,11,0,0.389,9.0,82.0,92.0,0.443,8,-1,0,0.0
,RRL,Southern,2014,Helenville,7,11,0,0.389,9.0,68.0,127.0,0.223,4,3,0,0.0
,RRL,Southern,2014,Farmington,0,18,0,0.0,16.0,39.0,233.0,0.027,0.5,-0.5,0,0.0
,MABL,18+,2015,Monarchs,11,3,0,0.786,0.0,136.0,62.0,0.828,11.6,-0.6,1,1.0
,MABL,18+,2015,Angels,10,4,0,0.714,1.0,128.0,68.0,0.78,10.9,-0.9,0,0.0
,MABL,18+,2015,Athletics,10,4,0,0.714,1.0,105.0,58.0,0.766,10.7,-0.7,0,0.0
,MABL,18+,2015,Bulldogs,9,5,0,0.643,2.0,109.0,61.0,0.762,10.7,-1.7,0,0.0
,MABL,18+,2015,Blue Jays,8,6,0,0.571,3.0,108.0,81.0,0.64,9,-1,0,0.0
,MABL,18+,2015,Orioles,5,9,0,0.357,6.0,74.0,90.0,0.403,5.6,-0.6,0,0.0
,MABL,18+,2015,Grays,2,12,0,0.143,9.0,66.0,114.0,0.251,3.5,-1.5,0,0.0
,MABL,18+,2015,Los Pericos,1,13,0,0.071,10.0,31.0,223.0,0.019,0.3,0.7,0,0.0
,MABL,35+,2015,Monarchs,12,2,0,0.857,0.0,104.0,47.0,0.83,11.6,0.4,1,0.0
,MABL,35+,2015,Athletics,11,3,0,0.786,1.0,95.0,60.0,0.715,10,1,0,0.0
,MABL,35+,2015,Latin Raiders,9,5,0,0.643,3.0,94.0,61.0,0.704,9.9,-0.9,0,0.0
,MABL,35+,2015,Pirates,7,7,0,0.5,5.0,90.0,95.0,0.473,6.6,0.4,0,0.0
,MABL,35+,2015,Mariners,7,7,0,0.5,5.0,85.0,50.0,0.743,10.4,-3.4,0,0.0
,MABL,35+,2015,HomeBrewers,6,8,0,0.429,6.0,81.0,79.0,0.512,7.2,-1.2,0,0.0
,MABL,35+,2015,Rangers,3,11,0,0.214,9.0,73.0,122.0,0.264,3.7,-0.7,0,0.0
,MABL,35+,2015,White Sox,1,13,0,0.071,11.0,34.0,142.0,0.054,0.8,0.2,0,0.0
,MSCR,Northern,2015,Bill Lee,9,1,0,0.9,0.0,101.0,41.0,0.859,8.6,0.4,1,1.0
,MSCR,Northern,2015,Dahmen's,9,1,0,0.9,0.0,,,,,,1,0.0
,MSCR,Northern,2015,Blue Sox,4,6,0,0.4,5.0,,,,,,0,0.0
,MSCR,Northern,2015,Rick's Olde Gold,4,6,0,0.4,5.0,,,,,,0,0.0
,MSCR,Northern,2015,Buckingham's,3,7,0,0.3,6.0,,,,,,0,0.0
,MSCR,Northern,2015,Buschmen,1,9,0,0.1,9.0,,,,,,0,0.0
1.0,MSCR,Pacific,2015,Rockers,11,1,0,0.917,0.0,77.0,20.0,0.937,11.2,-0.2,1,1.0
,MSCR,Pacific,2015,The Flock,6,6,0,0.5,5.0,66.0,58.0,0.564,6.8,-0.8,0,0.0
,MSCR,Pacific,2015,Epic,5,7,0,0.417,6.0,45.0,66.0,0.317,3.8,1.2,0,0.0
,MSCR,Pacific,2015,Sergenians,2,10,0,0.167,9.0,30.0,74.0,0.141,1.7,0.3,0,0.0
,RRL,Northern,2015,Hartford,16,2,0,0.889,0.0,151.0,76.0,0.798,14.4,1.6,1,0.0
,RRL,Northern,2015,Brownsville,15,3,0,0.833,1.0,124.0,54.0,0.841,15.1,-0.1,0,0.0
,RRL,Northern,2015,Rubicon,14,4,0,0.778,2.0,158.0,69.0,0.84,15.1,-1.1,0,0.0
,RRL,Northern,2015,Hustisford,12,6,0,0.667,4.0,148.0,81.0,0.77,13.9,-1.9,0,1.0
,RRL,Northern,2015,Kewaskum,10,8,0,0.556,6.0,112.0,86.0,0.629,11.3,-1.3,0,0.0
,RRL,Northern,2015,Oakfield,8,10,0,0.444,8.0,99.0,105.0,0.471,8.5,-0.5,0,0.0
,RRL,Northern,2015,Slinger,6,12,0,0.333,10.0,70.0,124.0,0.242,4.3,1.7,0,0.0
,RRL,Northern,2015,Lebanon,4,14,0,0.222,12.0,62.0,144.0,0.156,2.8,1.2,0,0.0
,RRL,Northern,2015,Juneau,3,15,0,0.167,13.0,61.0,153.0,0.137,2.5,0.5,0,0.0
,RRL,Northern,2015,Ashippun,2,16,0,0.111,14.0,78.0,171.0,0.172,3.1,-1.1,0,0.0
,RRL,Southern,2015,Neosho,15,3,0,0.833,0.0,158.0,51.0,0.906,16.3,-1.3,1,0.0
,RRL,Southern,2015,Clyman,14,4,0,0.778,1.0,147.0,47.0,0.907,16.3,-2.3,0,0.0
,RRL,Southern,2015,Milton,14,4,0,0.778,1.0,106.0,43.0,0.859,15.5,-1.5,0,0.0
,RRL,Southern,2015,Rockers,11,7,0,0.611,4.0,124.0,66.0,0.779,14,-3,0,0.0
,RRL,Southern,2015,Black Sox,10,8,0,0.556,5.0,135.0,57.0,0.849,15.3,-5.3,0,0.0
,RRL,Southern,2015,Johnson Creek,9,9,0,0.5,6.0,115.0,112.0,0.513,9.2,-0.2,0,0.0
,RRL,Southern,2015,Helenville,6,12,0,0.333,9.0,106.0,134.0,0.385,6.9,-0.9,0,0.0
,RRL,Southern,2015,Watertown,6,12,0,0.333,9.0,77.0,95.0,0.396,7.1,-1.1,0,0.0
,RRL,Southern,2015,Janesville,5,13,0,0.278,10.0,77.0,129.0,0.263,4.7,0.3,0,0.0
,RRL,Southern,2015,Farmington,0,18,0,0.0,15.0,13.0,324.0,0.002,0,0,0,0.0
,MABL,18+,2016,Athletics,13,1,0,0.929,0.0,116.0,42.0,0.884,12.4,0.6,1,0.0
,MABL,18+,2016,Los Banditos,10,4,0,0.714,3.0,92.0,47.0,0.793,11.1,-1.1,0,1.0
,MABL,18+,2016,Orioles,9,5,0,0.643,4.0,95.0,77.0,0.604,8.4,0.6,0,0.0
,MABL,18+,2016,Angels,7,7,0,0.5,6.0,110.0,96.0,0.568,7.9,-0.9,0,0.0
,MABL,18+,2016,Monarchs,7,7,0,0.5,6.0,93.0,67.0,0.658,9.2,-2.2,0,0.0
,MABL,18+,2016,Blue Jays,6,8,0,0.429,7.0,103.0,99.0,0.52,7.3,-1.3,0,0.0
,MABL,18+,2016,Grays,3,11,0,0.214,10.0,67.0,145.0,0.176,2.5,0.5,0,0.0
,MABL,18+,2016,Los Pericos,1,13,0,0.071,12.0,33.0,136.0,0.056,0.8,0.2,0,0.0
,MABL,35+,2016,Mariners,14,0,0,1.0,0.0,91.0,38.0,0.852,11.9,2.1,1,0.0
,MABL,35+,2016,Monarchs,10,3,1,0.769,3.5,144.0,63.0,0.839,11.8,-1.8,0,1.0
,MABL,35+,2016,HomeBrewers,8,6,0,0.571,6.0,95.0,70.0,0.648,9.1,-1.1,0,0.0
,MABL,35+,2016,Pirates,7,6,1,0.538,6.5,116.0,88.0,0.635,8.9,-1.9,0,0.0
,MABL,35+,2016,Athletics,7,7,0,0.5,7.0,117.0,76.0,0.703,9.8,-2.8,0,0.0
,MABL,35+,2016,Rangers,4,10,0,0.286,10.0,72.0,115.0,0.282,3.9,0.1,0,0.0
,MABL,35+,2016,White Sox,4,10,0,0.286,10.0,53.0,106.0,0.2,2.8,1.2,0,0.0
,MABL,35+,2016,Mules,1,13,0,0.071,13.0,38.0,170.0,0.048,0.7,0.3,0,0.0
,MABL,45+,2016,Sand Crabs,16,1,0,0.941,0.0,183.0,68.0,0.879,14.9,1.1,0,0.0
,MABL,45+,2016,Grays,8,8,0,0.5,7.5,141.0,167.0,0.416,6.7,1.3,0,0.0
,MABL,45+,2016,Brewers,8,9,0,0.471,8.0,158.0,141.0,0.557,9.5,-1.5,0,0.0
,MABL,45+,2016,Crawfords,8,10,0,0.444,8.5,157.0,163.0,0.481,8.7,-0.7,0,0.0
,MABL,45+,2016,Orioles,2,14,0,0.125,13.5,124.0,224.0,0.235,3.8,-1.8,0,0.0
1.0,MSCR,Pacific,2016,Rockers,10,0,0,1.0,0.0,120.0,18.0,0.978,9.8,0.2,1,1.0
,MSCR,Pacific,2016,Epic,8,2,0,0.8,2.0,71.0,39.0,0.768,7.7,0.3,0,0.0
,MSCR,Pacific,2016,Black N Tans,7,3,0,0.7,3.0,75.0,54.0,0.659,6.6,0.4,0,0.0
,MSCR,Pacific,2016,Buckingham's,6,4,0,0.6,4.0,39.0,40.0,0.487,4.9,1.1,0,0.0
,MSCR,Pacific,2016,Rick's Olde Gold,4,5,1,0.444,5.5,57.0,79.0,0.342,3.4,0.6,0,0.0
,MSCR,Pacific,2016,Rush Media,4,5,1,0.444,5.5,47.0,47.0,0.5,5,-1,0,0.0
,MSCR,Pacific,2016,Buschmen,4,6,0,0.4,6.0,57.0,54.0,0.527,5.3,-1.3,0,0.0
,MSCR,Pacific,2016,Lucky's,4,6,0,0.4,6.0,39.0,88.0,0.164,1.6,2.4,0,0.0
,MSCR,Pacific,2016,Los Banditos,3,7,0,0.3,7.0,33.0,59.0,0.238,2.4,0.6,0,0.0
,MSCR,Pacific,2016,Great Dane CLD,2,8,0,0.2,8.0,39.0,76.0,0.208,2.1,-0.1,0,0.0
,MSCR,Pacific,2016,Blue Sox,2,8,0,0.2,8.0,33.0,56.0,0.258,2.6,-0.6,0,0.0
,RRL,Northern,2016,Hartford,16,3,0,0.842,0.0,135.0,34.0,0.94,17.9,-1.9,1,0.0
,RRL,Northern,2016,Plymouth,14,5,0,0.737,0.0,145.0,70.0,0.811,15.4,-1.4,1,0.0
,RRL,Northern,2016,Hustisford,15,4,0,0.789,1.0,116.0,56.0,0.811,15.4,-0.4,0,0.0
,RRL,Northern,2016,Kewaskum,13,6,0,0.684,1.0,146.0,90.0,0.725,13.8,-0.8,0,0.0
,RRL,Northern,2016,Cedarburg,11,8,0,0.579,3.0,116.0,95.0,0.599,11.4,-0.4,0,0.0
,RRL,Northern,2016,Brownsville,12,7,0,0.632,4.0,129.0,54.0,0.851,16.2,-4.2,0,0.0
,RRL,Northern,2016,Thiensville-Mequon,9,10,0,0.474,5.0,105.0,85.0,0.604,11.5,-2.5,0,0.0
,RRL,Northern,2016,Oakfield,10,9,0,0.526,6.0,108.0,97.0,0.554,10.5,-0.5,0,0.0
,RRL,Northern,2016,Rubicon,10,9,0,0.526,6.0,100.0,104.0,0.48,9.1,0.9,0,0.0
,RRL,Northern,2016,Juneau,9,10,0,0.474,7.0,85.0,115.0,0.353,6.7,2.3,0,0.0
,RRL,Northern,2016,Saukville,6,13,0,0.316,8.0,59.0,113.0,0.214,4.1,1.9,0,0.0
,RRL,Northern,2016,Grafton,5,14,0,0.263,9.0,86.0,124.0,0.325,6.2,-1.2,0,0.0
,RRL,Northern,2016,Slinger,3,16,0,0.158,13.0,58.0,129.0,0.168,3.2,-0.2,0,0.0
,RRL,Northern,2016,West Bend,0,19,0,0.0,14.0,29.0,251.0,0.013,0.3,-0.3,0,0.0
,RRL,Southern,2016,Rockers,14,2,0,0.875,0.0,155.0,32.0,0.959,15.3,-1.3,1,0.0
,RRL,Southern,2016,Neosho,13,3,0,0.813,0.0,129.0,41.0,0.908,14.5,-1.5,1,1.0
,RRL,Southern,2016,Clyman,12,4,0,0.75,1.0,104.0,30.0,0.923,14.8,-2.8,0,0.0
,RRL,Southern,2016,Watertown,11,5,0,0.688,2.0,105.0,60.0,0.754,12.1,-1.1,0,0.0
,RRL,Southern,2016,Lebanon,9,7,0,0.563,4.0,79.0,66.0,0.589,9.4,-0.4,0,0.0
,RRL,Southern,2016,Milton,9,7,0,0.563,5.0,101.0,67.0,0.694,11.1,-2.1,0,0.0
,RRL,Southern,2016,Helenville,6,9,0,0.4,7.5,69.0,86.0,0.392,5.9,0.1,0,0.0
,RRL,Southern,2016,Black Sox,6,9,0,0.4,7.5,48.0,89.0,0.225,3.4,2.6,0,0.0
,RRL,Southern,2016,Janesville,6,10,0,0.375,8.0,92.0,109.0,0.416,6.7,-0.7,0,0.0
,RRL,Southern,2016,Johnson Creek,5,11,0,0.313,8.0,76.0,122.0,0.28,4.5,0.5,0,0.0
,RRL,Southern,2016,Farmington,2,13,0,0.133,11.5,25.0,160.0,0.024,0.4,1.6,0,0.0
,RRL,Southern,2016,Ashippun,1,14,0,0.067,11.5,43.0,164.0,0.064,1,0,0,0.0
1.0,MABL,17+,2017,Karben4 Rockers,9,3,0,0.75,0.0,105.0,37.0,0.89,10.7,-1.7,0,0.0
,MABL,17+,2017,Epic,9,3,0,0.75,0.0,75.0,46.0,0.727,8.7,0.3,0,0.0
,MABL,17+,2017,Buckinghams,8,4,0,0.667,1.0,94.0,46.0,0.807,9.7,-1.7,0,0.0
,MABL,17+,2017,Black 'n Tans,6,6,0,0.5,3.0,90.0,82.0,0.546,6.6,-0.6,0,0.0
,MABL,17+,2017,Buschmen,6,6,0,0.5,3.0,76.0,117.0,0.297,3.6,2.4,0,0.0
,MABL,17+,2017,Rick's Olde Gold,4,8,0,0.333,5.0,80.0,90.0,0.441,5.3,-1.3,0,0.0
,MABL,17+,2017,Cellar Lazer Dawgs,4,8,0,0.333,5.0,51.0,100.0,0.206,2.5,1.5,0,0.0
,MABL,17+,2017,Blue Sox,2,10,0,0.167,7.0,58.0,111.0,0.214,2.6,-0.6,0,0.0
,MABL,18+,2017,Athletics,15,1,0,0.938,0.0,181.0,43.0,0.947,15.1,-0.1,1,0.0
,MABL,18+,2017,Blue Jays,13,3,0,0.813,2.0,141.0,63.0,0.834,13.3,-0.3,0,1.0
,MABL,18+,2017,Los Banditos,11,5,0,0.688,4.0,114.0,69.0,0.732,11.7,-0.7,0,0.0
,MABL,18+,2017,Monarchs,8,8,0,0.5,7.0,152.0,114.0,0.64,10.2,-2.2,0,0.0
,MABL,18+,2017,Angels,8,8,0,0.5,7.0,145.0,113.0,0.622,10,-2,0,0.0
,MABL,18+,2017,Orioles,8,8,0,0.5,7.0,122.0,115.0,0.53,8.5,-0.5,0,0.0
,MABL,18+,2017,Grays,7,9,0,0.438,8.0,83.0,122.0,0.316,5.1,1.9,0,0.0
,MABL,18+,2017,Broncos,2,14,0,0.125,13.0,73.0,183.0,0.137,2.2,-0.2,0,0.0
,MABL,18+,2017,Los Pericos,0,16,0,0.0,15.0,29.0,218.0,0.017,0.3,-0.3,0,0.0
,MABL,35+,2017,Athletics,12,2,0,0.857,0.0,201.0,67.0,0.9,12.6,-0.6,1,0.0
,MABL,35+,2017,HomeBrewers,12,2,0,0.857,0.0,125.0,92.0,0.649,9.1,2.9,0,0.0
,MABL,35+,2017,Monarchs,10,4,0,0.714,2.0,151.0,67.0,0.836,11.7,-1.7,0,1.0
,MABL,35+,2017,Mariners,8,6,0,0.571,4.0,92.0,93.0,0.495,6.9,1.1,0,0.0
,MABL,35+,2017,Mammoths,7,7,0,0.5,5.0,96.0,101.0,0.475,6.6,0.4,0,0.0
,MABL,35+,2017,Pirates,4,10,0,0.286,8.0,78.0,108.0,0.343,4.8,-0.8,0,0.0
,MABL,35+,2017,Mules,2,12,0,0.143,10.0,85.0,173.0,0.194,2.7,-0.7,0,0.0
,MABL,35+,2017,White Sox,1,13,0,0.071,11.0,41.0,168.0,0.056,0.8,0.2,0,0.0
,MABL,45+,2017,Sand Crabs,12,0,0,1.0,0.0,154.0,44.0,0.925,11.1,0.9,0,0.0
,MABL,45+,2017,Grays,9,3,0,0.75,3.0,149.0,78.0,0.785,9.4,-0.4,0,0.0
,MABL,45+,2017,Crawfords,4,8,0,0.333,8.0,91.0,144.0,0.285,3.4,0.6,0,0.0
,MABL,45+,2017,Orioles,4,8,0,0.333,8.0,75.0,135.0,0.236,2.8,1.2,0,0.0
,MABL,45+,2017,Brewers,1,11,0,0.083,11.0,65.0,133.0,0.193,2.3,-1.3,0,0.0
,MABL,55+,2017,Reds,7,2,1,0.778,0.0,66.0,30.0,0.829,8.3,-1.3,0,0.0
,MABL,55+,2017,Bears,4,5,1,0.444,3.0,58.0,78.0,0.356,3.6,0.4,0,0.0
,MABL,55+,2017,Bulldogs,3,7,0,0.3,4.5,61.0,77.0,0.386,3.9,-0.9,0,0.0
,RRL,Northern,2017,Hustisford,14,2,0,0.875,0.0,124.0,71.0,0.753,12,2,1,1.0
,RRL,Northern,2017,Cedarburg,11,5,0,0.688,0.0,120.0,66.0,0.768,12.3,-1.3,1,0.0
,RRL,Northern,2017,Kewaskum,11,5,0,0.688,0.0,112.0,87.0,0.624,10,1,0,0.0
,RRL,Northern,2017,Plymouth,10,6,0,0.625,1.0,129.0,68.0,0.783,12.5,-2.5,0,0.0
,RRL,Northern,2017,Hartford,10,6,0,0.625,4.0,132.0,77.0,0.746,11.9,-1.9,0,0.0
,RRL,Northern,2017,Brownsville,10,6,0,0.625,4.0,79.0,65.0,0.596,9.5,0.5,0,0.0
,RRL,Northern,2017,Saukville,7,9,0,0.438,4.0,103.0,91.0,0.562,9,-2,0,0.0
,RRL,Northern,2017,Thiensville-Mequon,7,9,0,0.438,4.0,97.0,103.0,0.47,7.5,-0.5,0,0.0
,RRL,Northern,2017,Rubicon,8,8,0,0.5,6.0,110.0,88.0,0.61,9.8,-1.8,0,0.0
,RRL,Northern,2017,Oakfield,5,11,0,0.313,9.0,105.0,118.0,0.442,7.1,-2.1,0,0.0
,RRL,Northern,2017,Slinger,3,13,0,0.188,11.0,76.0,130.0,0.255,4.1,-1.1,0,0.0
,RRL,Northern,2017,West Bend,0,16,0,0.0,11.0,15.0,238.0,0.004,0.1,-0.1,0,0.0
,RRL,Southern,2017,Neosho,15,1,0,0.938,0.0,160.0,47.0,0.921,14.7,0.3,1,0.0
,RRL,Southern,2017,Clyman,13,3,0,0.813,2.0,100.0,50.0,0.8,12.8,0.2,0,0.0
,RRL,Southern,2017,Milton,11,5,0,0.688,4.0,106.0,63.0,0.739,11.8,-0.8,0,0.0
,RRL,Southern,2017,Rockers,9,7,0,0.563,6.0,119.0,60.0,0.797,12.8,-3.8,0,0.0
,RRL,Southern,2017,Lebanon,8,8,0,0.5,7.0,109.0,111.0,0.491,7.9,0.1,0,0.0
,RRL,Southern,2017,Juneau,8,8,0,0.5,7.0,84.0,81.0,0.518,8.3,-0.3,0,0.0
,RRL,Southern,2017,Watertown,8,8,0,0.5,7.0,82.0,66.0,0.607,9.7,-1.7,0,0.0
,RRL,Southern,2017,Johnson Creek,7,9,0,0.438,8.0,91.0,110.0,0.406,6.5,0.5,0,0.0
,RRL,Southern,2017,Janesville,7,9,0,0.438,8.0,80.0,101.0,0.386,6.2,0.8,0,0.0
,RRL,Southern,2017,Farmington,2,14,0,0.125,13.0,30.0,159.0,0.034,0.6,1.4,0,0.0
,RRL,Southern,2017,Ashippun,0,16,0,0.0,15.0,46.0,159.0,0.077,1.2,-1.2,0,0.0
,MABL,18+,2018,Athletics,14,2,0,0.875,0.0,153.0,56.0,0.882,14.1,-0.1,1,1.0
,MABL,18+,2018,Los Banditos,13,3,0,0.813,1.0,155.0,97.0,0.719,11.5,1.5,0,0.0
,MABL,18+,2018,Blue Jays,11,5,0,0.688,3.0,115.0,81.0,0.668,10.7,0.3,0,0.0
,MABL,18+,2018,Angels,10,6,0,0.625,4.0,155.0,90.0,0.748,12,-2,0,0.0
,MABL,18+,2018,Monarchs,9,7,0,0.563,5.0,138.0,123.0,0.557,8.9,0.1,0,0.0
,MABL,18+,2018,Orioles,6,10,0,0.375,8.0,99.0,143.0,0.324,5.2,0.8,0,0.0
,MABL,18+,2018,Los Nicas,6,10,0,0.375,8.0,77.0,133.0,0.251,4,2,0,0.0
,MABL,18+,2018,Grays,2,14,0,0.125,12.0,70.0,134.0,0.214,3.4,-1.4,0,0.0
,MABL,18+,2018,Broncos,1,15,0,0.063,13.0,63.0,168.0,0.123,2,-1,0,0.0
,MABL,35+,2018,Mariners,10,3,1,0.769,0.0,112.0,86.0,0.629,8.8,1.2,1,0.0
,MABL,35+,2018,Monarchs,10,4,0,0.714,0.5,127.0,70.0,0.767,10.7,-0.7,0,0.0
,MABL,35+,2018,Mammoths,9,4,1,0.692,1.0,114.0,58.0,0.794,11.1,-2.1,0,0.0
,MABL,35+,2018,Athletics,9,5,0,0.643,1.5,126.0,74.0,0.744,10.4,-1.4,0,1.0
,MABL,35+,2018,Pirates,8,6,0,0.571,2.5,106.0,95.0,0.555,7.8,0.2,0,0.0
,MABL,35+,2018,HomeBrewers,6,8,0,0.429,4.5,94.0,75.0,0.611,8.6,-2.6,0,0.0
,MABL,35+,2018,Madison Braves,2,12,0,0.143,8.5,42.0,139.0,0.084,1.2,0.8,0,0.0
,MABL,35+,2018,Mules,1,13,0,0.071,9.5,67.0,191.0,0.11,1.5,-0.5,0,0.0
,MABL,45+,2018,Sand Crabs,10,2,0,0.833,0.0,114.0,31.0,0.931,11.2,-1.2,1,0.0
,MABL,45+,2018,Crawfords,10,2,0,0.833,0.0,80.0,67.0,0.588,7.1,2.9,0,0.0
,MABL,45+,2018,Grays,7,5,0,0.583,3.0,93.0,65.0,0.672,8.1,-1.1,0,0.0
,MABL,45+,2018,Brewers,3,9,0,0.25,7.0,77.0,104.0,0.354,4.2,-1.2,0,0.0
,MABL,45+,2018,Orioles,0,12,0,0.0,10.0,34.0,131.0,0.063,0.8,-0.8,0,0.0
,MABL,55+,2018,Reds,7,3,0,0.7,0.0,103.0,56.0,0.772,7.7,-0.7,1,0.0
,MABL,55+,2018,Bears,6,4,0,0.6,1.0,93.0,80.0,0.575,5.7,0.3,0,0.0
,MABL,55+,2018,Bulldogs,2,8,0,0.2,5.0,46.0,106.0,0.158,1.6,0.4,0,0.0
,RRL,Northern,2018,Hartford,16,2,0,0.889,0.0,,,,#DIV/0!,#DIV/0!,1,0.0
,RRL,Northern,2018,Kewaskum,14,4,0,0.778,2.0,,,,#DIV/0!,#DIV/0!,0,0.0
,RRL,Northern,2018,Oakfield,13,5,0,0.722,3.0,,,,#DIV/0!,#DIV/0!,0,0.0
,RRL,Northern,2018,Brownsville,11,7,0,0.611,5.0,,,,#DIV/0!,#DIV/0!,0,0.0
,RRL,Northern,2018,Cedarburg,11,7,0,0.611,5.0,,,,#DIV/0!,#DIV/0!,0,0.0
,RRL,Northern,2018,Rubicon,8,10,0,0.444,8.0,,,,#DIV/0!,#DIV/0!,0,0.0
,RRL,Northern,2018,Plymouth,8,10,0,0.444,8.0,,,,#DIV/0!,#DIV/0!,0,0.0
,RRL,Northern,2018,Thiensville-Mequon,5,13,0,0.278,11.0,,,,#DIV/0!,#DIV/0!,0,0.0
,RRL,Northern,2018,Saukville,3,15,0,0.167,13.0,,,,#DIV/0!,#DIV/0!,0,0.0
,RRL,Northern,2018,West Bend,1,17,0,0.056,15.0,,,,#DIV/0!,#DIV/0!,0,0.0
,RRL,Southern,2018,Clyman,17,1,0,0.944,0.0,,,,#DIV/0!,#DIV/0!,1,1.0
,RRL,Southern,2018,Hustisford,13,5,0,0.722,4.0,,,,#DIV/0!,#DIV/0!,0,0.0
,RRL,Southern,2018,Johnson Creek,12,6,0,0.667,5.0,,,,#DIV/0!,#DIV/0!,0,0.0
,RRL,Southern,2018,Neosho,11,7,0,0.611,6.0,,,,#DIV/0!,#DIV/0!,0,0.0
,RRL,Southern,2018,Lebanon,10,8,0,0.556,7.0,,,,#DIV/0!,#DIV/0!,0,0.0
,RRL,Southern,2018,Milton,9,9,0,0.5,8.0,,,,#DIV/0!,#DIV/0!,0,0.0
,RRL,Southern,2018,Watertown,7,11,0,0.389,10.0,,,,#DIV/0!,#DIV/0!,0,0.0
,RRL,Southern,2018,Ashippun,4,14,0,0.222,13.0,,,,#DIV/0!,#DIV/0!,0,0.0
,RRL,Southern,2018,Janesville,4,14,0,0.222,13.0,,,,#DIV/0!,#DIV/0!,0,0.0
,RRL,Southern,2018,Juneau,3,15,0,0.167,14.0,,,,#DIV/0!,#DIV/0!,0,0.0
,MABL,18+,2019,Angels,12,4,0,0.75,0.0,127.0,76.0,0.736,11.8,0.2,1,1.0
,MABL,18+,2019,Los Banditos,11,5,0,0.688,1.0,145.0,96.0,0.695,11.1,-0.1,0,0.0
,MABL,18+,2019,Athletics,9,7,0,0.563,3.0,103.0,66.0,0.709,11.3,-2.3,0,0.0
,MABL,18+,2019,Blue Jays,8,8,0,0.5,4.0,76.0,90.0,0.416,6.7,1.3,0,0.0
,MABL,18+,2019,Jobu,0,16,0,0.0,12.0,66.0,189.0,0.109,1.7,-1.7,0,0.0
,MABL,35+,2019,Athletics,10,3,1,0.769,0.0,108.0,54.0,0.8,11.2,-1.2,1,1.0
,MABL,35+,2019,Monarchs,10,4,0,0.714,0.5,123.0,76.0,0.724,10.1,-0.1,0,0.0
,MABL,35+,2019,Pirates,9,5,0,0.643,1.5,105.0,76.0,0.656,9.2,-0.2,0,0.0
,MABL,35+,2019,Mariners,7,7,0,0.5,3.5,97.0,83.0,0.577,8.1,-1.1,0,0.0
,MABL,35+,2019,Madison Braves,7,7,0,0.5,3.5,66.0,78.0,0.417,5.8,1.2,0,0.0
,MABL,35+,2019,Mammoths,6,7,1,0.462,4.0,77.0,94.0,0.402,5.6,0.4,0,0.0
,MABL,35+,2019,HomeBrewers,4,10,0,0.286,6.5,89.0,105.0,0.418,5.9,-1.9,0,0.0
,MABL,35+,2019,Mules,2,12,0,0.143,8.5,63.0,162.0,0.131,1.8,0.2,0,0.0
,RRL,Northern,2019,Kewaskum,14,2,0,0.875,0.0,,,,#DIV/0!,#DIV/0!,1,0.0
,RRL,Northern,2019,Hartford,13,3,0,0.813,1.0,,,,#DIV/0!,#DIV/0!,0,1.0
,RRL,Northern,2019,Cedarburg,10,6,0,0.625,4.0,,,,#DIV/0!,#DIV/0!,0,0.0
,RRL,Northern,2019,Oakfield,9,7,0,0.563,5.0,,,,#DIV/0!,#DIV/0!,0,0.0
,RRL,Northern,2019,Brownsville,9,7,0,0.563,5.0,,,,#DIV/0!,#DIV/0!,0,0.0
,RRL,Northern,2019,Rubicon,8,8,0,0.5,6.0,,,,#DIV/0!,#DIV/0!,0,0.0
,RRL,Northern,2019,Thiensville-Mequon,6,10,0,0.375,8.0,,,,#DIV/0!,#DIV/0!,0,0.0
,RRL,Northern,2019,Saukville,2,14,0,0.125,12.0,,,,#DIV/0!,#DIV/0!,0,0.0
,RRL,Northern,2019,Plymouth,1,15,0,0.063,13.0,,,,#DIV/0!,#DIV/0!,0,0.0
,RRL,Southern,2019,Hustisford,12,2,0,0.857,0.0,,,,#DIV/0!,#DIV/0!,1,0.0
,RRL,Southern,2019,Clyman,11,3,0,0.786,1.0,,,,#DIV/0!,#DIV/0!,0,0.0
,RRL,Southern,2019,Milton,9,5,0,0.643,3.0,103.0,83.0,0.606,8.5,0.5,0,0.0
,RRL,Southern,2019,Neosho,9,5,0,0.643,3.0,,,,#DIV/0!,#DIV/0!,0,0.0
,RRL,Southern,2019,Lebanon,8,6,0,0.571,4.0,,,,#DIV/0!,#DIV/0!,0,0.0
,RRL,Southern,2019,Johnson Creek,5,9,0,0.357,7.0,,,,#DIV/0!,#DIV/0!,0,0.0
,RRL,Southern,2019,Ashippun,2,12,0,0.143,10.0,,,,#DIV/0!,#DIV/0!,0,0.0
,RRL,Southern,2019,Farmington,0,14,0,0.0,12.0,,,,#DIV/0!,#DIV/0!,0,0.0
,RRL,Southern,2020,Neosho,11,1,0,0.917,0.0,,,,#DIV/0!,#DIV/0!,1,0.0
,RRL,Southern,2020,Clyman,9,3,0,0.75,2.0,,,,#DIV/0!,#DIV/0!,0,0.0
,RRL,Southern,2020,Johnson Creek,7,5,0,0.583,4.0,,,,#DIV/0!,#DIV/0!,0,0.0
,RRL,Southern,2020,Watertown,7,5,0,0.583,4.0,,,,#DIV/0!,#DIV/0!,0,0.0
,RRL,Southern,2020,Lebanon,6,5,0,0.545,4.5,,,,#DIV/0!,#DIV/0!,0,0.0
,RRL,Southern,2020,Milton,5,5,0,0.5,5.0,74.0,76.0,0.487,4.9,0.1,0,0.0
,RRL,Southern,2020,Ashippun,3,9,0,0.25,8.0,,,,#DIV/0!,#DIV/0!,0,0.0
,RRL,Southern,2020,Helenville,2,9,0,0.182,8.5,,,,#DIV/0!,#DIV/0!,0,0.0
,RRL,Southern,2020,Farmington,2,10,0,0.167,9.0,,,,#DIV/0!,#DIV/0!,0,0.0
,MABL,18+,2021,Angels,18,0,0,1.0,0.0,224.0,72.0,0.906,16.3,1.7,1,1.0
,MABL,18+,2021,Athletics,13,6,0,0.684,5.5,182.0,119.0,0.701,13.3,-0.3,0,0.0
,MABL,18+,2021,Blue Jays,10,9,0,0.526,8.5,151.0,137.0,0.548,10.4,-0.4,0,0.0
,MABL,18+,2021,Los Banditos,9,9,0,0.5,9.0,174.0,103.0,0.741,13.3,-4.3,0,0.0
,MABL,18+,2021,Jobu,3,13,0,0.188,12.5,108.0,189.0,0.246,3.9,-0.9,0,0.0
,MABL,18+,2021,Muskrats,0,16,0,0.0,15.5,58.0,277.0,0.042,0.7,-0.7,0,0.0
,MABL,35+,2021,Black Sox,11,6,0,0.647,4.0,133.0,98.0,0.648,11,0,0,0.0
,MABL,35+,2021,Braves,8,7,0,0.533,5.5,90.0,80.0,0.559,8.4,-0.4,0,0.0
,MABL,35+,2021,Pirates,6,8,0,0.429,6.5,51.0,75.0,0.316,4.4,1.6,0,0.0
,MABL,35+,2021,Mariners,4,8,0,0.333,8.0,45.0,67.0,0.311,3.7,0.3,0,0.0
,MABL,35+,2021,Athletics,14,2,0,0.875,0.0,126.0,47.0,0.878,14,0,1,1.0
,MABL,35+,2021,Colt 45s,2,11,0,0.154,10.5,54.0,99.0,0.229,3,-1,0,0.0
,MABL,35+,2021,HomeBrewers,4,8,0,0.333,8.0,43.0,83.0,0.212,2.5,1.5,0,0.0
,MABL,45+,2021,Grays,9,4,0,0.692,2.5,132.0,145.0,0.453,5.9,3.1,0,0.0
,MABL,45+,2021,Sand Crabs,12,2,0,0.857,0.0,164.0,57.0,0.892,12.5,-0.5,1,1.0
,MABL,45+,2021,Crawfords,7,7,0,0.5,5.0,132.0,127.0,0.519,7.3,-0.3,0,0.0
,MABL,45+,2021,Orioles,5,9,0,0.357,7.0,115.0,127.0,0.451,6.3,-1.3,0,0.0
,MABL,45+,2021,Rangers,1,12,0,0.077,10.5,89.0,176.0,0.204,2.6,-1.6,0,0.0
,MABL,55+,2021,Reds,11,2,1,0.786,0.0,162.0,108.0,0.692,9.7,1.3,1,1.0
,MABL,55+,2021,Bears,9,5,0,0.643,2.5,165.0,109.0,0.696,9.7,-0.7,0,0.0
,MABL,55+,2021,Bulldogs,1,14,0,0.067,11.0,91.0,217.0,0.15,2.2,-1.2,0,0.0
,MABL,55+,2021,Expos,7,7,1,0.467,4.5,132.0,116.0,0.564,8.5,-1.5,0,0.0
,MABL,17+,2021,Epic,12,0,0,1.0,0.0,115.0,25.0,0.955,11.5,0.5,1,1.0
,MABL,17+,2021,Los Banditos,6,6,0,0.5,6.0,81.0,60.0,0.646,7.7,-1.7,0,0.0
,MABL,17+,2021,Buckinghams,7,5,0,0.583,5.0,65.0,57.0,0.565,6.8,0.2,0,0.0
,MABL,17+,2021,Blue Sox,4,6,0,0.4,7.0,58.0,74.0,0.381,3.8,0.2,0,0.0
,MABL,17+,2021,Mad City Labs,6,6,0,0.5,6.0,66.0,98.0,0.312,3.7,2.3,0,0.0
,MABL,17+,2021,Village Bar,3,7,0,0.3,8.0,53.0,67.0,0.385,3.8,-0.8,0,0.0
,MABL,17+,2021,Buschmen,1,9,0,0.1,10.0,40.0,97.0,0.145,1.5,-0.5,0,0.0
,RRL,Southern,2021,Rubicon,14,0,0,1.0,0.0,97.0,22.0,0.951,13.3,0.7,1,0.0
,RRL,Southern,2021,Neosho,10,3,0,0.769,3.5,104.0,40.0,0.871,11.3,-1.3,0,0.0
,RRL,Southern,2021,Clyman,10,4,0,0.714,4.0,104.0,51.0,0.806,11.3,-1.3,0,0.0
,RRL,Southern,2021,Johnson Creek,8,6,0,0.571,0.0,94.0,73.0,0.624,8.7,-0.7,0,0.0
,RRL,Southern,2021,Lebanon,6,8,0,0.429,8.0,82.0,59.0,0.659,9.2,-3.2,0,0.0
,RRL,Southern,2021,Helenville,3,11,0,0.214,10.5,60.0,125.0,0.187,2.6,0.4,0,0.0
,RRL,Southern,2021,Watertown,3,11,0,0.214,11.0,49.0,109.0,0.168,2.4,0.6,0,0.0
,RRL,Southern,2021,Ashippun,1,12,0,0.077,11.5,32.0,137.0,0.052,0.7,0.3,0,0.0
,RRL,Northern,2021,Hartford,10,3,0,0.769,0.0,112.0,43.0,0.872,11.3,-1.3,1,1.0
,RRL,Northern,2021,Hustisford,10,4,0,0.714,0.5,106.0,49.0,0.824,11.5,-1.5,0,0.0
,RRL,Northern,2021,Kewaskum,10,4,0,0.714,0.5,89.0,74.0,0.591,8.3,1.7,0,0.0
,RRL,Northern,2021,Brownsville,7,7,0,0.5,3.5,65.0,71.0,0.456,6.4,0.6,0,0.0
,RRL,Northern,2021,Cedarburg,6,8,0,0.429,4.5,93.0,108.0,0.426,6,0,0,0.0
,RRL,Northern,2021,Thiensville-Mequon,5,7,0,0.417,5.5,56.0,90.0,0.279,3.3,1.7,0,0.0
,RRL,Northern,2021,Oakfield,3,9,0,0.25,6.5,57.0,67.0,0.42,5,-2,0,0.0
,RRL,Northern,2021,Saukville,2,11,0,0.154,8.0,43.0,119.0,0.115,1.5,0.5,0,0.0
,MABL,18+,2022,Athletics,12,3,0,0.8,0.0,135.0,63.0,0.821,12.3,-0.3,1,0.0
,MABL,18+,2022,Muskies,9,6,0,0.6,3.0,134.0,63.0,0.819,12.3,-3.3,0,0.0
,MABL,18+,2022,Blue Jays,8,7,0,0.533,3.0,122.0,66.0,0.774,11.6,-3.6,0,0.0
,MABL,18+,2022,Angels,9,6,0,0.6,3.0,187.0,81.0,0.842,12.6,-3.6,0,0.0
,MABL,18+,2022,Jobu,7,7,0,0.5,4.5,125.0,126.0,0.496,6.9,0.1,0,0.0
,MABL,18+,2022,Muskrats,4,10,0,0.286,7.5,98.0,153.0,0.291,4.1,-0.1,0,0.0
,MABL,18+,2022,Mercury,2,12,0,0.143,9.5,51.0,244.0,0.042,0.6,1.4,0,0.0
,MABL,35+,2022,Black Sox,7,3,0,0.7,0.0,61.0,48.0,0.618,6.2,0.8,1,0.0
,MABL,35+,2022,Athletics,7,3,0,0.7,0.0,78.0,32.0,0.856,8.6,-1.6,0,1.0
,MABL,35+,2022,Mariners,6,4,0,0.6,1.0,84.0,74.0,0.563,5.6,0.4,0,0.0
,MABL,35+,2022,HomeBrewers,3,5,2,0.3,3.0,55.0,80.0,0.321,3.2,-0.2,0,0.0
,MABL,35+,2022,Madison Braves,3,7,0,0.3,4.0,56.0,82.0,0.318,3.2,-0.2,0,0.0
,MABL,35+,2022,Colt 45s,2,6,2,0.2,4.0,85.0,103.0,0.405,4.1,-2.1,0,0.0
,MABL,45+,2022,Sand Crabs,9,1,1,0.818,2.0,182.0,55.0,0.916,10.1,-1.1,1,1.0
,MABL,45+,2022,Crawfords,8,3,0,0.727,0.5,112.0,81.0,0.657,7.2,0.8,0,0.0
,MABL,45+,2022,Rangers,5,6,1,0.417,2.5,125.0,117.0,0.533,6.4,-1.4,0,0.0
,MABL,45+,2022,Grays,3,8,0,0.273,4.5,90.0,158.0,0.245,2.7,0.3,0,0.0
,MABL,45+,2022,Orioles,2,9,0,0.182,5.5,59.0,157.0,0.124,1.4,0.6,0,0.0
,MABL,55+,2022,Reds,10,1,0,0.909,0.0,128.0,58.0,0.83,9.1,0.9,1,1.0
,MABL,55+,2022,Bulldogs,4,5,1,0.4,5.0,70.0,100.0,0.329,3.3,0.7,0,0.0
,MABL,55+,2022,Bears,3,7,0,0.3,6.5,61.0,80.0,0.368,3.7,-0.7,0,0.0
,MABL,55+,2022,Expos,2,6,1,0.222,6.5,63.0,84.0,0.36,3.2,-1.2,0,0.0
,MABL,17+,2022,Epic,10,2,0,0.833,0.0,114.0,31.0,0.931,11.2,-1.2,1,0.0
,MABL,17+,2022,Village Bar,8,4,0,0.667,2.0,79.0,65.0,0.596,7.2,0.8,0,1.0
,MABL,17+,2022,Los Banditos,7,5,0,0.583,3.0,95.0,79.0,0.591,7.1,-0.1,0,0.0
,MABL,17+,2022,Mad City Labs,7,5,0,0.583,3.0,80.0,77.0,0.519,6.2,0.8,0,0.0
,MABL,17+,2022,SconnieBar,6,6,0,0.5,4.0,74.0,61.0,0.595,7.1,-1.1,0,0.0
,MABL,17+,2022,Blue Sox,3,9,0,0.25,7.0,68.0,136.0,0.2,2.4,0.6,0,0.0
,MABL,17+,2022,Buschmen,1,11,0,0.083,9.0,36.0,97.0,0.121,1.5,-0.5,0,0.0
,RRL,Southern,2022,Clyman,13,3,0,0.813,0.0,163.0,49.0,0.917,14.7,-1.7,1,0.0
,RRL,Southern,2022,Milton,12,4,0,0.75,1.0,142.0,83.0,0.745,11.9,0.1,0,0.0
,RRL,Southern,2022,Neosho,12,4,0,0.75,1.0,135.0,67.0,0.802,12.8,-0.8,0,0.0
,RRL,Southern,2022,Lebanon,9,7,0,0.563,4.0,82.0,95.0,0.427,6.8,2.2,0,0.0
,RRL,Southern,2022,Rubicon,9,7,0,0.563,4.0,99.0,87.0,0.564,9,0,0,0.0
,RRL,Southern,2022,Johnson Creek,4,12,0,0.25,9.0,92.0,113.0,0.399,6.4,-2.4,0,0.0
,RRL,Southern,2022,Ashippun,2,13,0,0.133,10.5,48.0,171.0,0.073,1.1,0.9,0,0.0
,RRL,Southern,2022,Helenville,2,13,0,0.133,10.5,65.0,176.0,0.12,1.8,0.2,0,0.0
,RRL,Northern,2022,Kewaskum,15,3,0,0.833,0.0,160.0,71.0,0.835,15,0,1,0.0
,RRL,Northern,2022,Oakfield,10,8,0,0.556,5.0,114.0,110.0,0.518,9.3,0.7,0,0.0
,RRL,Northern,2022,Hustisford,10,8,0,0.556,4.0,127.0,114.0,0.554,10,0,0,0.0
,RRL,Northern,2022,Hartford,10,8,0,0.556,4.0,164.0,81.0,0.804,14.5,-4.5,0,0.0
,RRL,Northern,2022,Thiensville-Mequon,9,9,0,0.5,5.0,125.0,103.0,0.596,10.7,-1.7,0,0.0
,RRL,Northern,2022,Cedarburg,8,10,0,0.444,6.0,92.0,123.0,0.359,6.5,1.5,0,0.0
,RRL,Northern,2022,Saukville,1,17,0,0.056,13.0,41.0,221.0,0.033,0.6,0.4,0,0.0
,MABL,18+,2023,Athletics,13,1,0,0.929,0.0,116.0,45.0,0.869,12.2,0.8000000000000007,1,0.0
,MABL,18+,2023,Blue Jays,9,5,0,0.643,4.0,143.0,80.0,0.762,10.7,-1.6999999999999993,0,0.0
,MABL,18+,2023,Angels,8,5,0,0.615,4.5,110.0,83.0,0.637,8.3,-0.3000000000000007,0,0.0
,MABL,18+,2023,Nueva Segovia,7,7,0,0.5,6.0,110.0,132.0,0.41,5.7,1.2999999999999998,0,0.0
,MABL,18+,2023,Jobu,6,7,0,0.462,6.5,121.0,103.0,0.58,7.5,-1.5,0,0.0
,MABL,18+,2023,Muskies,6,8,0,0.429,7.0,106.0,99.0,0.534,7.5,-1.5,0,0.0
,MABL,18+,2023,Muskrats,4,10,0,0.286,9.0,84.0,119.0,0.333,4.7,-0.7000000000000002,0,0.0
,MABL,18+,2023,Mercury,2,12,0,0.143,11.0,64.0,193.0,0.099,1.4,0.6000000000000001,0,0.0
,MABL,35+,2023,Athletics,10,2,0,0.833,0.0,93.0,33.0,0.888,10.7,-0.6999999999999993,1,0.0
,MABL,35+,2023,Mariners,8,4,0,0.667,2.0,82.0,71.0,0.572,6.9,1.0999999999999996,0,0.0
,MABL,35+,2023,Braves,7,6,0,0.538,3.5,67.0,76.0,0.437,5.7,1.2999999999999998,0,0.0
,MABL,35+,2023,Black Sox,5,6,0,0.455,4.5,56.0,59.0,0.474,5.2,-0.20000000000000018,0,0.0
,MABL,35+,2023,HomeBrewers,5,8,0,0.385,5.5,79.0,93.0,0.419,5.4,-0.40000000000000036,0,0.0
,MABL,35+,2023,Colt 45s,1,10,0,0.091,8.5,43.0,88.0,0.193,2.1,-1.1,0,0.0
,MABL,45+,2023,Sand Crabs,12,1,0,0.923,0.0,161.0,61.0,0.874,11.4,0.5999999999999996,1,0.0
,MABL,45+,2023,Crawfords,7,7,0,0.5,5.5,105.0,125.0,0.414,5.8,1.2000000000000002,0,1.0
,MABL,45+,2023,Rangers,5,8,0,0.385,7.0,98.0,108.0,0.452,5.9,-0.9000000000000004,0,0.0
,MABL,45+,2023,Orioles,3,11,0,0.214,9.5,75.0,145.0,0.211,3.0,0.0,0,0.0
,MABL,55+,2023,Reds,8,2,0,0.8,0.0,100.0,50.0,0.8,8.0,0.0,0,0.0
,MABL,55+,2023,Expos,6,4,0,0.6,2.0,105.0,73.0,0.674,6.7,-0.7000000000000002,0,0.0
,MABL,55+,2023,Bears,3,7,0,0.3,5.0,79.0,127.0,0.279,2.8,0.20000000000000018,0,0.0
,MABL,55+,2023,Bulldogs,3,7,0,0.3,5.0,92.0,126.0,0.348,3.5,-0.5,0,0.0
,MABL,17+,2023,Nightcrawlers,9,2,0,0.818,0.0,104.0,34.0,0.903,9.9,-0.9000000000000004,1,0.0
,MABL,17+,2023,Bombers,9,3,0,0.75,0.5,91.0,50.0,0.768,9.2,-0.1999999999999993,0,0.0
,MABL,17+,2023,SconnieBar,8,4,0,0.667,1.5,86.0,49.0,0.755,9.1,-1.0999999999999996,0,1.0
,MABL,17+,2023,Village Bar,7,4,0,0.636,2.0,75.0,44.0,0.744,8.2,-1.1999999999999993,0,0.0
,MABL,17+,2023,Mad City Labs,4,6,0,0.4,4.5,42.0,66.0,0.288,2.9,1.1,0,0.0
,MABL,17+,2023,Flamingos,1,9,0,0.1,7.5,50.0,94.0,0.221,2.2,-1.2000000000000002,0,0.0
,MABL,17+,2023,Buschmen,0,10,0,0.0,8.5,19.0,130.0,0.021,0.2,-0.2,0,0.0
