"Name","Team","GS","G","IP","W","L","SV","HLD","H","ER","HR","SO","BB","WHIP","K/9","BB/9","ERA","FIP","-1","WAR","RA9-WAR","playerid"
"Gerrit Cole","NYY","26","26","151.0","13","5","","","118","50","18","203","41","1.05","12.16","2.47","2.99","2.87","","4.6","4.6","13125"
"Zack Wheeler","PHI","26","26","160.0","12","6","","","142","59","13","167","40","1.14","9.36","2.24","3.29","3.06","","4.5","4.0","10310"
"Corbin Burnes","MIL","23","23","135.0","10","4","","","102","43","12","179","40","1.06","11.93","2.69","2.87","2.72","","4.2","4.2","19361"
"Walker Buehler","LAD","28","28","164.0","11","5","","","135","59","19","174","40","1.07","9.58","2.19","3.26","3.39","","3.9","4.0","19374"
"Lucas Giolito","CHW","25","25","145.0","11","6","","","113","56","20","185","47","1.11","11.50","2.91","3.47","3.44","","3.6","3.4","15474"
"Aaron Nola","PHI","27","27","155.0","10","6","","","131","61","21","184","42","1.12","10.70","2.42","3.57","3.52","","3.6","3.3","16149"
"Brandon Woodruff","MIL","23","24","133.0","10","5","","","108","46","13","159","35","1.07","10.77","2.35","3.14","3.00","","3.6","3.7","16162"
"Max Scherzer","NYM","24","24","141.0","11","5","","","108","49","20","194","37","1.03","12.40","2.35","3.15","3.18","","3.5","3.3","3137"
"Kevin Gausman","TOR","25","25","142.0","10","5","","","124","52","17","155","30","1.08","9.87","1.91","3.32","3.21","","3.5","3.9","14107"
"Shane Bieber","CLE","20","20","122.0","8","4","","","106","44","15","155","29","1.10","11.41","2.12","3.22","2.99","","3.4","3.4","19427"
"Julio Urías","LAD","25","28","142.0","12","5","","","124","53","17","145","33","1.11","9.18","2.11","3.39","3.48","","3.3","3.1","14765"
"Sandy Alcantara","MIA","27","27","166.0","10","8","","","146","66","16","164","52","1.20","8.89","2.85","3.59","3.51","","3.2","3.1","18684"
"Max Fried","ATL","23","23","133.0","13","6","","","119","47","12","128","29","1.11","8.67","1.95","3.21","3.23","","3.2","3.5","13743"
"Logan Webb","SFG","23","24","126.0","9","4","","","116","44","8","126","32","1.17","8.95","2.26","3.12","2.93","","3.2","3.1","17995"
"Eduardo Rodriguez","DET","25","26","139.0","10","8","","","131","56","15","147","43","1.25","9.53","2.77","3.61","3.44","","3.2","3.1","13164"
"Dylan Cease","CHW","27","27","140.0","10","7","","","117","59","16","179","64","1.30","11.50","4.12","3.76","3.61","","3.2","2.7","18525"
"Joe Musgrove","SDP","26","26","148.0","11","6","","","128","56","18","163","36","1.11","9.92","2.20","3.42","3.48","","3.2","3.1","12970"
"Freddy Peralta","MIL","22","29","122.0","8","5","","","89","48","14","167","52","1.16","12.36","3.84","3.56","3.39","","3.0","2.6","18679"
"Tyler Mahle","CIN","28","28","144.0","9","8","","","135","66","18","159","55","1.32","9.97","3.43","4.11","3.88","","2.9","2.4","16358"
"Frankie Montas","OAK","26","26","148.0","11","7","","","135","59","19","162","43","1.20","9.85","2.62","3.59","3.62","","2.9","3.0","14309"
"Nathan Eovaldi","BOS","23","25","132.0","8","6","","","131","58","18","144","30","1.22","9.84","2.04","3.97","3.51","","2.9","2.6","9132"
"Germán Márquez","COL","26","26","148.0","9","9","","","150","73","20","146","45","1.32","8.88","2.73","4.42","3.91","","2.8","2.5","15038"
"Carlos Rodón","SFG","19","19","101.0","10","5","","","80","36","9","130","36","1.15","11.63","3.19","3.19","3.00","","2.7","2.5","16137"
"Robbie Ray","SEA","24","24","143.0","9","6","","","114","57","23","180","45","1.11","11.36","2.86","3.61","3.75","","2.7","2.9","11486"
"Clayton Kershaw","LAD","20","20","114.0","10","4","","","96","41","17","131","22","1.04","10.35","1.75","3.28","3.42","","2.7","2.7","2036"
"Noah Syndergaard","LAA","20","20","117.0","7","6","","","118","51","14","108","29","1.26","8.37","2.24","3.96","3.75","","2.6","2.1","11762"
"Justin Verlander","HOU","20","20","128.0","11","5","","","100","48","23","154","24","0.97","10.87","1.71","3.38","3.75","","2.5","3.1","8700"
"Charlie Morton","ATL","25","25","135.0","10","6","","","117","55","14","148","49","1.23","9.86","3.28","3.69","3.71","","2.5","2.8","4676"
"Marcus Stroman","CHC","27","27","144.0","11","8","","","141","60","17","126","40","1.26","7.86","2.50","3.74","3.84","","2.5","2.8","13431"
"Jordan Montgomery","NYY","23","23","119.0","6","4","","","115","51","16","124","32","1.23","9.31","2.44","3.81","3.71","","2.4","2.2","16511"
"Trevor Rogers","MIA","24","24","120.0","9","7","","","105","48","13","138","44","1.24","10.31","3.28","3.56","3.46","","2.4","2.2","22286"
"José Berríos","TOR","26","26","152.0","9","7","","","141","68","22","155","41","1.19","9.12","2.42","4.01","4.00","","2.4","2.8","14168"
"Antonio Senzatela","COL","24","24","129.0","6","6","","","146","63","14","92","33","1.39","6.40","2.31","4.42","4.05","","2.3","2.2","15488"
"Sean Manaea","SDP","24","24","134.0","9","7","","","128","57","19","139","34","1.21","9.35","2.27","3.83","3.87","","2.3","2.1","15873"
"Patrick Corbin","WSN","25","25","143.0","10","9","","","145","66","19","137","45","1.34","8.62","2.86","4.14","4.04","","2.2","2.1","9323"
"Shohei Ohtani","LAA","18","18","95.0","6","4","","","78","37","11","116","34","1.19","11.01","3.27","3.56","3.47","","2.2","2.1","19755"
"Pablo López","MIA","20","20","102.0","7","5","","","93","40","11","104","25","1.16","9.19","2.21","3.54","3.40","","2.2","2.0","17085"
"Yu Darvish","SDP","23","23","124.0","8","6","","","109","54","17","138","39","1.20","10.04","2.84","3.90","3.86","","2.1","1.9","13074"
"Zack Greinke","KCR","25","25","138.0","7","8","","","146","65","17","98","27","1.25","6.40","1.74","4.26","4.05","","2.1","2.0","1943"
"Jameson Taillon","NYY","23","23","114.0","6","6","","","110","53","17","109","29","1.22","8.61","2.31","4.22","4.07","","2.1","1.6","11674"
"Sonny Gray","MIN","22","22","110.0","8","5","","","93","45","12","115","43","1.24","9.36","3.55","3.70","3.79","","2.1","2.3","12768"
"Luis Garcia","HOU","24","25","123.0","9","7","","","114","56","19","133","40","1.25","9.73","2.93","4.11","4.05","","2.0","1.8","23735"
"Mike Clevinger","SDP","15","15","88.0","6","4","","","74","34","11","96","30","1.18","9.83","3.06","3.51","3.64","","2.0","1.8","12808"
"Zach Eflin","PHI","19","20","107.0","7","6","","","111","48","14","94","26","1.27","7.91","2.14","4.00","3.95","","2.0","1.7","13774"
"Alek Manoah","TOR","20","20","105.0","8","5","","","86","42","12","123","37","1.17","10.48","3.20","3.56","3.77","","1.9","2.6","26410"
"Tarik Skubal","DET","25","26","127.0","8","9","","","120","58","19","136","40","1.26","9.61","2.82","4.09","4.09","","1.9","2.0","22267"
"Hyun Jin Ryu","TOR","21","21","118.0","9","6","","","118","50","16","99","24","1.20","7.58","1.81","3.85","3.91","","1.9","2.4","14444"
"Anthony DeSclafani","SFG","24","24","125.0","8","7","","","119","57","16","115","33","1.22","8.30","2.36","4.10","3.90","","1.9","1.5","13050"
"Ian Anderson","ATL","24","24","116.0","7","5","","","101","51","13","120","53","1.34","9.36","4.15","3.98","4.00","","1.8","1.9","19951"
"Steven Matz","STL","24","25","125.0","9","8","","","124","55","16","115","38","1.30","8.27","2.74","3.96","4.03","","1.8","1.7","13361"
"Luis Severino","NYY","16","16","87.0","7","4","","","81","36","11","93","24","1.21","9.60","2.53","3.75","3.59","","1.8","1.8","15890"
"Chris Bassitt","NYM","21","22","118.0","8","6","","","106","49","15","119","36","1.19","9.02","2.70","3.74","3.94","","1.8","1.7","12304"
"Zac Gallen","ARI","21","21","112.0","7","6","","","101","49","15","122","39","1.25","9.81","3.13","3.92","3.96","","1.8","1.9","19291"
"Shane McClanahan","TBR","22","23","110.0","9","6","","","100","47","16","132","36","1.23","10.78","2.92","3.80","3.72","","1.8","1.8","21483"
"Alex Wood","SFG","21","22","110.0","7","5","","","104","47","14","117","31","1.22","9.55","2.52","3.81","3.76","","1.7","1.7","13781"
"John Means","BAL","22","22","116.0","7","9","","","110","56","22","104","27","1.19","8.09","2.09","4.32","4.64","","1.7","1.6","16269"
"Blake Snell","SDP","19","19","93.0","6","4","","","75","39","12","119","42","1.26","11.50","4.05","3.75","3.72","","1.7","1.6","13543"
"Adam Wainwright","STL","24","24","143.0","10","9","","","138","65","18","116","43","1.27","7.31","2.73","4.08","4.20","","1.7","1.7","2233"
"Chris Paddack","MIN","20","21","106.0","7","6","","","105","49","16","101","22","1.20","8.57","1.87","4.13","3.96","","1.7","1.6","20099"
"Joe Ryan","MIN","18","19","87.0","6","5","","","77","39","13","92","23","1.14","9.52","2.36","4.01","3.87","","1.7","1.5","21390"
"Aaron Ashby","MIL","16","32","96.0","8","6","","","81","40","10","116","47","1.33","10.86","4.39","3.76","3.69","","1.6","1.6","23550"
"Nick Martinez","SDP","18","18","106.0","6","6","","","100","49","13","104","39","1.31","8.84","3.33","4.17","3.93","","1.6","1.1","12730"
"Jon Gray","TEX","23","23","117.0","7","8","","","112","56","16","125","47","1.35","9.54","3.59","4.28","4.12","","1.6","1.5","14916"
"Triston McKenzie","CLE","23","25","112.0","6","7","","","95","54","18","130","45","1.26","10.44","3.66","4.39","4.32","","1.6","1.4","18000"
"Logan Gilbert","SEA","23","23","109.0","6","6","","","103","50","17","115","31","1.22","9.44","2.56","4.11","4.10","","1.6","1.5","22250"
"Cal Quantrill","CLE","24","24","132.0","8","8","","","135","64","17","110","44","1.35","7.50","2.98","4.34","4.38","","1.6","1.7","19312"
"Andrew Heaney","LAD","18","22","105.0","7","6","","","98","48","19","122","27","1.20","10.48","2.35","4.12","4.10","","1.5","1.3","15423"
"Kyle Freeland","COL","22","22","116.0","7","9","","","128","62","16","92","41","1.46","7.20","3.18","4.86","4.59","","1.5","1.4","16256"
"Ryan Yarbrough","TBR","14","23","112.0","7","6","","","114","52","14","89","24","1.23","7.10","1.96","4.17","4.09","","1.5","1.3","16502"
"Kyle Wright","ATL","22","23","118.0","8","7","","","115","57","15","113","44","1.34","8.58","3.34","4.31","4.16","","1.5","1.4","19665"
"Patrick Sandoval","LAA","16","19","86.0","5","4","","","77","38","11","99","36","1.31","10.35","3.81","3.98","3.94","","1.5","1.5","19447"
"José Urquidy","HOU","21","22","106.0","6","6","","","105","53","18","94","24","1.21","7.94","2.00","4.44","4.37","","1.5","1.1","18413"
"Dane Dunning","TEX","20","22","98.0","5","6","","","101","47","12","92","34","1.37","8.43","3.08","4.31","4.02","","1.5","1.2","19409"
"Eric Lauer","MIL","20","23","109.0","6","6","","","102","53","17","115","38","1.29","9.57","3.13","4.36","4.21","","1.5","1.3","19316"
"Corey Kluber","TBR","16","16","85.0","5","3","","","80","35","10","85","25","1.23","8.92","2.60","3.69","3.74","","1.5","1.5","2429"
"Framber Valdez","HOU","19","21","114.0","8","6","","","106","52","11","106","51","1.38","8.33","4.03","4.07","4.16","","1.5","1.7","17295"
"Kyle Hendricks","CHC","25","25","138.0","8","9","","","148","68","22","106","32","1.30","6.89","2.09","4.43","4.56","","1.5","1.5","12049"
"Merrill Kelly","ARI","21","21","120.0","7","8","","","125","60","17","100","35","1.34","7.48","2.65","4.51","4.35","","1.5","1.3","11156"
"Tylor Megill","NYM","21","23","105.0","6","6","","","99","48","16","117","36","1.29","10.05","3.12","4.12","4.06","","1.5","1.1","21318"
"Michael Kopech","CHW","10","29","71.0","4","2","","","58","29","8","92","34","1.30","11.72","4.31","3.66","3.57","","1.4","1.3","17282"
"Casey Mize","DET","24","24","121.0","6","7","","","118","57","16","96","35","1.27","7.20","2.64","4.27","4.36","","1.4","1.7","20492"
"Miles Mikolas","STL","19","19","101.0","6","5","","","103","45","13","77","19","1.21","6.87","1.71","3.98","4.11","","1.4","1.3","9803"
"Brady Singer","KCR","23","24","111.0","6","7","","","115","54","14","107","42","1.41","8.65","3.38","4.35","4.19","","1.4","1.5","25377"
"Carlos Carrasco","NYM","14","15","76.0","5","4","","","72","32","10","79","20","1.23","9.41","2.42","3.86","3.71","","1.4","1.1","6632"
"Chris Flexen","SEA","24","26","135.0","8","9","","","142","66","19","101","37","1.33","6.77","2.46","4.41","4.42","","1.4","1.3","13896"
"Brad Keller","KCR","23","23","127.0","8","10","","","130","63","14","103","52","1.43","7.27","3.68","4.44","4.36","","1.4","1.6","15734"
"Kyle Gibson","PHI","23","23","127.0","7","8","","","126","66","18","114","50","1.38","8.05","3.53","4.67","4.56","","1.4","1.0","10123"
"Jake Odorizzi","HOU","22","23","101.0","8","7","","","97","47","15","94","34","1.30","8.37","3.01","4.22","4.33","","1.3","1.3","6397"
"Bailey Ober","MIN","19","19","87.0","3","3","","","87","41","14","83","20","1.24","8.65","2.10","4.24","4.16","","1.3","1.3","21224"
"Ranger Suárez","PHI","12","32","90.0","6","5","","","85","42","10","81","31","1.29","8.02","3.12","4.13","3.97","","1.3","1.1","17277"
"Josh Hader","MIL","0","50","52.0","4","1","","","28","13","5","89","20","0.93","15.53","3.57","2.27","2.39","","1.3","1.4","14212"
"Adrian Houser","MIL","20","24","108.0","7","7","","","106","52","11","84","44","1.39","7.02","3.70","4.32","4.37","","1.3","1.3","12718"
"Nick Pivetta","BOS","23","27","121.0","7","9","","","118","68","20","124","51","1.40","9.26","3.82","5.08","4.60","","1.2","0.8","15454"
"Nestor Cortes","NYY","14","23","87.0","3","3","","","83","41","16","96","26","1.25","9.93","2.67","4.22","4.25","","1.2","1.1","17874"
"Emmanuel Clase","CLE","0","60","58.0","7","2","","","46","17","4","68","16","1.09","10.48","2.56","2.62","2.55","","1.2","1.4","21032"
"Michael King","NYY","8","21","67.0","5","3","","","61","28","8","72","19","1.20","9.57","2.56","3.75","3.68","","1.2","1.1","19853"
"Austin Gomber","COL","19","21","94.0","7","8","","","95","50","16","96","34","1.37","9.16","3.21","4.73","4.44","","1.2","1.2","16561"
"Garrett Whitlock","BOS","5","32","69.0","6","4","","","64","29","7","75","21","1.23","9.71","2.76","3.74","3.42","","1.2","1.2","20191"
"Mitch Keller","PIT","24","26","115.0","6","9","","","126","61","16","109","49","1.52","8.48","3.85","4.78","4.46","","1.2","0.5","17594"
"Yusei Kikuchi","TOR","24","24","121.0","6","7","","","126","66","19","116","45","1.41","8.64","3.37","4.89","4.48","","1.2","1.1","20633"
"Dylan Bundy","MIN","20","22","102.0","7","8","","","102","52","17","100","33","1.32","8.82","2.92","4.60","4.41","","1.2","1.0","12917"
"Andrew Kittredge","TBR","4","47","59.0","6","2","","","52","20","6","66","11","1.08","10.07","1.71","3.12","2.91","","1.2","1.1","12828"
"Cristian Javier","HOU","8","30","83.0","3","2","","","63","36","11","108","38","1.21","11.74","4.09","3.91","3.93","","1.2","1.1","17606"
"Raisel Iglesias","LAA","0","52","53.0","6","2","","","41","17","7","76","13","1.02","12.90","2.22","2.85","2.76","","1.1","1.1","17130"
"Marco Gonzales","SEA","22","22","120.0","7","9","","","122","62","20","92","32","1.28","6.92","2.41","4.64","4.71","","1.1","0.8","15467"
"José Quintana","PIT","17","24","92.0","4","5","","","96","47","13","88","35","1.43","8.65","3.44","4.65","4.21","","1.1","0.6","11423"
"Hunter Greene","CIN","19","19","92.0","8","10","","","90","49","16","100","36","1.38","9.81","3.57","4.76","4.57","","1.1","0.8","22182"
"Liam Hendriks","CHW","0","54","56.0","6","2","","","42","18","8","82","13","1.00","13.20","2.13","2.96","2.89","","1.1","1.1","3548"
"Jesús Luzardo","MIA","22","28","111.0","7","9","","","109","54","16","119","47","1.41","9.67","3.85","4.38","4.31","","1.1","0.9","19959"
"Alex Cobb","SFG","14","14","72.0","5","4","","","70","32","8","68","24","1.30","8.49","2.95","4.03","3.75","","1.1","1.0","6562"
"Josiah Gray","WSN","16","18","82.0","4","4","","","75","41","14","96","34","1.33","10.52","3.73","4.54","4.49","","1.1","0.8","24580"
"Zach Plesac","CLE","24","24","127.0","7","9","","","129","66","21","100","34","1.29","7.07","2.45","4.67","4.64","","1.1","1.1","19979"
"Tanner Houck","BOS","17","23","83.0","5","5","","","79","42","11","89","34","1.36","9.62","3.71","4.58","4.11","","1.1","1.0","19879"
"Michael Pineda","DET","18","19","92.0","6","8","","","98","46","15","74","18","1.26","7.21","1.78","4.48","4.35","","1.1","1.0","5372"
"JT Brubaker","PIT","20","20","99.0","6","8","","","99","51","15","98","37","1.37","8.87","3.40","4.62","4.43","","1.1","0.7","17578"
"Daulton Jefferies","OAK","15","19","82.0","4","4","","","86","38","11","63","15","1.23","6.88","1.64","4.19","4.07","","1.1","0.9","19345"
"Devin Williams","MIL","0","48","48.0","6","2","","","31","14","4","79","25","1.17","14.92","4.69","2.61","2.63","","1.1","1.1","15816"
"Tyler Anderson","LAD","21","23","118.0","6","7","","","123","62","23","103","29","1.28","7.87","2.19","4.73","4.76","","1.1","0.5","12880"
"Paul Blackburn","OAK","20","22","107.0","6","7","","","117","55","15","80","29","1.36","6.68","2.44","4.63","4.44","","1.1","0.7","14739"
"Brock Burke","TEX","16","21","72.0","3","4","","","72","36","11","71","26","1.36","8.90","3.20","4.55","4.30","","1.0","0.7","17968"
"Giovanny Gallegos","STL","0","56","60.0","5","2","","","45","21","6","73","16","1.03","11.02","2.49","3.14","3.04","","1.0","0.8","14986"
"Taijuan Walker","NYM","20","20","101.0","6","6","","","96","50","16","97","36","1.31","8.66","3.21","4.45","4.44","","1.0","0.7","11836"
"Roansy Contreras","PIT","12","14","59.0","3","3","","","58","27","7","57","20","1.33","8.78","3.10","4.22","4.10","","1.0","0.7","22810"
"Matt Manning","DET","21","21","98.0","5","7","","","106","51","14","75","33","1.41","6.91","2.99","4.65","4.58","","1.0","0.9","20369"
"Bryse Wilson","PIT","21","24","111.0","5","8","","","121","60","18","85","34","1.40","6.91","2.78","4.84","4.76","","1.0","0.5","19990"
"Glenn Otto","TEX","17","18","83.0","5","7","","","84","44","11","85","41","1.50","9.15","4.41","4.78","4.42","","1.0","0.6","21366"
"Drew Rasmussen","TBR","11","32","73.0","4","3","","","64","31","9","81","28","1.25","9.93","3.42","3.86","3.74","","1.0","1.0","25385"
"Jackson Kowar","KCR","19","22","96.0","6","9","","","100","51","13","93","39","1.45","8.76","3.70","4.83","4.42","","1.0","0.8","21549"
"Huascar Ynoa","ATL","16","18","81.0","5","4","","","76","39","12","89","31","1.31","9.86","3.40","4.29","4.21","","1.0","1.0","20468"
"Tommy Romero","TBR","17","19","83.0","4","4","","","78","41","13","87","30","1.30","9.39","3.27","4.40","4.39","","1.0","0.8","23465"
"Nick Lodolo","CIN","12","12","52.0","3","3","","","50","24","8","56","16","1.26","9.71","2.75","4.14","4.04","","1.0","0.8","26378"
"Josh Winder","MIN","14","16","75.0","2","3","","","78","39","11","64","24","1.36","7.64","2.82","4.64","4.47","","1.0","0.7","24606"
"Jonathan Loáisiga","NYY","3","42","56.0","6","3","","","49","22","6","62","19","1.22","9.99","2.99","3.58","3.44","","1.0","0.8","19753"
"Reid Detmers","LAA","19","19","77.0","5","5","","","76","39","12","84","30","1.38","9.87","3.53","4.53","4.40","","1.0","0.8","27468"
"Taylor Rogers","SDP","0","41","42.0","4","1","","","34","11","3","54","10","1.02","11.39","2.08","2.30","2.41","","1.0","1.0","13449"
"Chad Green","NYY","2","52","62.0","7","5","","","51","25","10","79","18","1.12","11.47","2.66","3.62","3.62","","0.9","0.8","15552"
"Jakob Junis","SFG","17","22","92.0","5","6","","","94","46","15","90","27","1.32","8.84","2.69","4.53","4.35","","0.9","0.6","13619"
"Cole Irvin","OAK","23","26","133.0","8","10","","","147","70","21","94","33","1.35","6.37","2.21","4.73","4.71","","0.9","0.8","19244"
"Spencer Strider","ATL","16","21","76.0","4","4","","","72","38","10","79","34","1.40","9.41","4.02","4.45","4.35","","0.9","0.8","27498"
"A.J. Minter","ATL","0","54","47.0","5","2","","","39","17","4","61","17","1.18","11.72","3.18","3.16","2.78","","0.9","0.8","18655"
"Ross Stripling","TOR","16","23","84.0","4","5","","","87","43","14","76","24","1.32","8.15","2.58","4.64","4.46","","0.9","0.9","13273"
"Bryce Elder","ATL","21","21","107.0","7","8","","","109","58","15","95","50","1.48","7.97","4.19","4.84","4.78","","0.9","0.7","27779"
"Dakota Hudson","STL","18","23","100.0","7","7","","","95","46","10","75","42","1.38","6.75","3.82","4.15","4.44","","0.9","1.1","19206"
"Erick Fedde","WSN","21","24","107.0","6","7","","","113","58","17","92","42","1.44","7.76","3.49","4.85","4.71","","0.9","0.6","17425"
"Michael Wacha","BOS","19","23","97.0","4","5","","","111","57","16","87","32","1.47","8.01","2.96","5.24","4.63","","0.9","0.4","14078"
"Dallas Keuchel","CHW","22","23","120.0","7","8","","","130","63","18","84","44","1.44","6.31","3.28","4.70","4.88","","0.9","1.0","9434"
"Luis Patiño","TBR","17","22","81.0","5","5","","","76","40","12","84","33","1.35","9.42","3.65","4.50","4.40","","0.9","0.6","22815"
"Mitch White","LAD","12","26","73.0","4","3","","","70","35","11","72","24","1.29","8.90","3.02","4.31","4.29","","0.9","0.6","19225"
"Edwin Díaz","NYM","0","54","51.0","5","2","","","36","17","6","83","21","1.10","14.54","3.59","2.93","2.98","","0.9","0.8","14710"
"Matt Wisler","TBR","5","40","55.0","5","3","","","49","22","7","65","16","1.19","10.65","2.56","3.69","3.50","","0.9","0.7","12804"
"David Peterson","NYM","16","16","76.0","4","4","","","72","36","9","69","31","1.36","8.18","3.69","4.22","4.23","","0.9","0.7","20302"
"Ryan Pressly","HOU","0","47","45.0","4","1","","","36","14","5","57","12","1.08","11.40","2.37","2.82","2.80","","0.8","1.0","7005"
"Seth Lugo","NYM","9","32","74.0","5","4","","","65","32","12","83","20","1.15","10.15","2.43","3.86","3.93","","0.8","0.7","12447"
"Cristopher Sánchez","PHI","13","23","71.0","4","4","","","68","36","8","72","37","1.48","9.10","4.69","4.54","4.38","","0.8","0.6","20778"
"Kenley Jansen","ATL","0","52","49.0","4","2","","","36","17","6","69","17","1.09","12.50","3.17","3.14","3.15","","0.8","0.8","3096"
"Keegan Akin","BAL","15","23","85.0","4","6","","","92","47","15","78","30","1.43","8.23","3.18","4.97","4.81","","0.8","0.5","19362"
"Reiver Sanmartin","CIN","18","23","94.0","6","8","","","101","50","15","79","30","1.40","7.64","2.93","4.78","4.72","","0.8","0.8","19754"
"José Suarez","LAA","16","22","91.0","6","8","","","91","48","14","85","37","1.40","8.38","3.64","4.75","4.70","","0.8","0.7","19911"
"Drew Smyly","CHC","18","22","97.0","5","6","","","102","53","18","93","31","1.37","8.56","2.86","4.88","4.72","","0.8","0.5","11760"
"Scott Barlow","KCR","0","58","60.0","4","3","","","51","25","7","79","26","1.28","11.75","3.83","3.70","3.38","","0.8","0.7","14993"
"Blake Treinen","LAD","0","51","50.0","6","3","","","41","18","4","59","18","1.16","10.53","3.20","3.26","3.14","","0.8","0.6","12572"
"Martín Pérez","TEX","20","27","104.0","5","8","","","114","56","14","80","40","1.49","6.90","3.50","4.87","4.68","","0.8","0.6","6902"
"Kyle Bradish","BAL","18","20","82.0","4","6","","","84","47","13","83","40","1.50","9.01","4.33","5.11","4.89","","0.8","0.3","24586"
"Chris Stratton","PIT","4","48","74.0","4","5","","","73","37","9","76","28","1.37","9.16","3.42","4.46","3.92","","0.8","0.2","13761"
"Jeffrey Springs","TBR","1","36","45.0","4","2","","","36","16","5","60","17","1.19","12.17","3.41","3.26","2.99","","0.8","0.6","17677"
"Reynaldo López","CHW","18","28","103.0","7","9","","","100","55","18","96","39","1.35","8.35","3.42","4.77","4.80","","0.8","0.7","16400"
"Michael Fulmer","DET","8","36","63.0","4","4","","","63","30","9","61","21","1.33","8.69","3.03","4.20","4.15","","0.8","0.7","13218"
"Jalen Beeks","TBR","6","30","93.0","5","4","","","93","42","11","90","34","1.38","8.76","3.34","4.13","4.14","","0.8","0.8","17192"
"Kutter Crawford","BOS","17","20","79.0","5","7","","","82","44","11","80","37","1.51","9.14","4.19","5.08","4.53","","0.8","0.5","20531"
"Trevor Williams","NYM","16","21","92.0","5","5","","","94","46","15","82","27","1.32","7.99","2.67","4.46","4.47","","0.8","0.5","16977"
"David Price","LAD","11","25","67.0","4","3","","","66","31","11","66","20","1.29","8.84","2.69","4.10","4.31","","0.8","0.7","3184"
"Craig Stammen","SDP","2","51","60.0","5","3","","","57","24","6","55","11","1.15","8.23","1.72","3.64","3.46","","0.7","0.6","7274"
"Aroldis Chapman","NYY","0","49","44.0","4","2","","","27","15","5","73","27","1.23","15.09","5.52","3.05","3.17","","0.7","0.8","10233"
"Madison Bumgarner","ARI","23","23","119.0","5","7","","","124","66","23","100","35","1.33","7.53","2.61","5.00","5.01","","0.7","0.5","5524"
"Tanner Banks","CHW","10","23","76.0","4","4","","","82","39","11","56","20","1.35","6.57","2.40","4.62","4.50","","0.7","0.6","16990"
"Edwin Uceta","ARI","11","21","61.0","3","4","","","60","32","8","64","28","1.43","9.37","4.13","4.69","4.39","","0.7","0.4","20539"
"David Bednar","PIT","0","50","53.0","2","2","","","43","20","6","68","19","1.17","11.59","3.30","3.49","3.25","","0.7","0.6","19569"
"Ryan Feltner","COL","18","18","88.0","4","7","","","99","54","14","69","40","1.59","7.12","4.07","5.53","5.15","","0.7","0.5","21446"
"Aaron Bummer","CHW","0","52","50.0","3","2","","","40","19","4","62","24","1.27","11.00","4.36","3.31","3.29","","0.7","0.7","16258"
"Penn Murfee","SEA","11","22","65.0","3","4","","","65","33","9","62","25","1.38","8.59","3.43","4.49","4.42","","0.7","0.5","25174"
"Luis Frías","ARI","18","22","88.0","6","7","","","86","46","11","80","40","1.43","8.16","4.05","4.69","4.54","","0.7","0.7","21997"
"Kyle Muller","ATL","20","21","88.0","6","6","","","80","46","11","92","51","1.49","9.44","5.20","4.69","4.60","","0.7","0.7","20167"
"Bruce Zimmermann","BAL","18","19","87.0","4","6","","","95","50","16","78","34","1.48","8.03","3.52","5.12","5.08","","0.7","0.4","20370"
"Luke Weaver","ARI","15","16","73.0","4","5","","","75","39","13","73","23","1.33","8.96","2.77","4.81","4.46","","0.7","0.4","16918"
"Collin McHugh","ATL","4","32","50.0","3","2","","","43","21","7","58","14","1.15","10.56","2.61","3.82","3.72","","0.7","0.6","7531"
"Dillon Peters","PIT","15","21","79.0","4","6","","","85","44","12","69","28","1.43","7.82","3.18","4.98","4.66","","0.7","0.1","18790"
"Paul Sewald","SEA","1","47","50.0","5","4","","","41","21","8","70","17","1.14","12.44","2.99","3.77","3.41","","0.7","0.4","13892"
"Jorge López","BAL","16","31","93.0","5","8","","","100","53","15","85","38","1.48","8.16","3.69","5.16","4.90","","0.7","0.2","14527"
"Zach Logue","OAK","17","19","91.0","6","6","","","93","47","14","79","28","1.33","7.84","2.78","4.63","4.58","","0.7","0.6","20231"
"Packy Naughton","STL","15","20","86.0","4","6","","","92","45","12","61","25","1.37","6.41","2.65","4.69","4.53","","0.7","0.3","23292"
"Dinelson Lamet","SDP","9","20","50.0","3","3","","","44","23","7","63","23","1.32","11.21","4.06","4.06","4.10","","0.7","0.5","17186"
"MacKenzie Gore","SDP","13","13","56.0","3","3","","","54","28","7","53","26","1.45","8.60","4.24","4.52","4.35","","0.7","0.4","22201"
"Beau Brieske","DET","17","17","78.0","4","7","","","85","44","13","61","25","1.41","7.03","2.86","5.05","4.94","","0.6","0.3","26079"
"Joely Rodríguez","NYM","0","43","41.0","3","2","","","33","14","3","48","15","1.18","10.42","3.32","2.96","3.06","","0.6","0.6","11487"
"Humberto Castellanos","ARI","14","23","82.0","4","5","","","86","42","12","62","24","1.36","6.86","2.68","4.69","4.66","","0.6","0.6","21183"
"Matt Strahm","BOS","6","33","55.0","4","4","","","57","26","7","50","13","1.26","8.20","2.04","4.25","3.85","","0.6","0.6","13799"
"Rich Hill","BOS","20","21","99.0","4","5","","","101","55","16","84","34","1.36","7.68","3.07","5.00","4.88","","0.6","0.7","4806"
"Aaron Civale","CLE","20","20","104.0","6","8","","","109","57","19","85","28","1.32","7.33","2.42","4.97","4.91","","0.6","0.6","19479"
"Enyel De Los Santos","CLE","8","30","62.0","3","3","","","60","32","10","72","26","1.38","10.46","3.73","4.58","4.40","","0.6","0.4","18403"
"Brooks Raley","TBR","0","51","50.0","3","1","","","43","18","3","55","21","1.28","9.90","3.78","3.27","3.23","","0.6","0.7","10061"
"Jordan Romano","TOR","0","51","50.0","5","2","","","39","18","7","65","17","1.13","11.74","3.17","3.29","3.43","","0.6","0.8","16122"
"Daniel Castano","MIA","13","18","78.0","3","5","","","85","41","11","53","25","1.41","6.08","2.84","4.71","4.71","","0.6","0.3","19805"
"Clay Holmes","NYY","2","51","64.0","5","4","","","54","28","5","72","34","1.38","10.14","4.77","3.91","3.83","","0.6","0.6","13649"
"Tyler Matzek","ATL","0","48","43.0","2","1","","","31","16","3","57","24","1.30","12.04","5.02","3.31","3.25","","0.6","0.7","10058"
"Chris Archer","MIN","16","16","69.0","3","3","","","70","38","12","73","31","1.45","9.51","4.01","4.91","4.66","","0.6","0.4","6345"
"Joel Payamps","KCR","5","34","60.0","3","4","","","63","30","8","49","17","1.35","7.45","2.61","4.58","4.20","","0.6","0.4","14332"
"Daniel Lynch","KCR","22","22","103.0","5","9","","","114","60","17","88","39","1.48","7.68","3.36","5.21","4.91","","0.6","0.4","21537"
"Tyler Holton","ARI","8","20","53.0","3","3","","","56","26","6","46","17","1.38","7.71","2.92","4.41","4.07","","0.6","0.5","26231"
"Tim Mayza","TOR","0","52","43.0","3","2","","","37","16","4","47","15","1.20","9.77","3.10","3.38","3.27","","0.6","0.6","15042"
"Pierce Johnson","SDP","1","49","46.0","3","2","","","37","19","5","59","20","1.25","11.70","4.04","3.66","3.48","","0.6","0.4","13435"
"Cole Sulser","MIA","1","49","52.0","4","3","","","43","20","5","60","22","1.25","10.45","3.75","3.51","3.50","","0.6","0.5","15256"
"Cole Sands","MIN","15","17","65.0","3","3","","","66","34","9","60","27","1.43","8.35","3.78","4.73","4.54","","0.6","0.5","21461"
"Tony Gonsolin","LAD","17","18","70.0","4","3","","","64","34","11","72","31","1.35","9.22","3.96","4.38","4.66","","0.6","0.6","19388"
"Konnor Pilkington","CLE","18","20","77.0","5","6","","","78","40","11","73","34","1.47","8.54","4.04","4.73","4.62","","0.6","0.6","21453"
"Vince Velasquez","CHW","21","25","91.0","5","7","","","90","53","19","101","40","1.42","9.92","3.95","5.20","5.08","","0.6","0.2","11189"
"Héctor Neris","HOU","0","59","56.0","6","3","","","45","22","8","74","21","1.17","11.79","3.38","3.48","3.63","","0.6","0.6","11804"
"Andrew Chafin","DET","0","55","46.0","3","2","","","40","19","5","47","15","1.19","9.22","2.89","3.75","3.50","","0.6","0.4","12988"
"Trent Thornton","TOR","10","33","76.0","4","4","","","79","40","12","71","28","1.41","8.47","3.28","4.73","4.57","","0.6","0.6","17948"
"Carlos Hernández","KCR","15","25","90.0","4","6","","","90","49","12","78","42","1.47","7.78","4.23","4.93","4.75","","0.6","0.5","22713"
"Garrett Richards","TEX","15","28","89.0","4","6","","","93","48","14","77","36","1.45","7.82","3.61","4.83","4.79","","0.6","0.4","9784"
"Tanner Scott","MIA","0","55","52.0","4","3","","","41","20","5","74","29","1.35","12.70","5.01","3.47","3.44","","0.6","0.5","17586"
"Tucker Davidson","ATL","13","14","64.0","4","4","","","62","33","7","63","35","1.51","8.77","4.93","4.65","4.53","","0.6","0.5","19871"
"Josh Fleming","TBR","11","25","96.0","8","8","","","104","48","13","67","25","1.34","6.32","2.31","4.45","4.47","","0.6","0.6","20418"
"Justin Steele","CHC","14","23","68.0","5","5","","","66","34","9","67","34","1.46","8.81","4.47","4.56","4.60","","0.6","0.6","17312"
"Andre Pallante","STL","16","21","79.0","3","4","","","85","41","9","53","30","1.47","6.04","3.47","4.66","4.62","","0.5","0.4","26108"
"Lucas Sims","CIN","0","48","45.0","3","2","","","33","18","6","67","24","1.28","13.54","4.79","3.72","3.79","","0.5","0.5","13470"
"Zach Davies","ARI","25","25","116.0","6","8","","","124","65","17","85","50","1.50","6.64","3.91","5.04","4.95","","0.5","0.5","13183"
"Erik Swanson","SEA","7","31","53.0","2","2","","","50","26","9","56","15","1.22","9.51","2.55","4.43","4.28","","0.5","0.3","16587"
"Cody Stashak","MIN","1","28","39.0","2","2","","","36","18","6","48","11","1.22","10.93","2.62","4.06","3.68","","0.5","0.3","18088"
"James Kaprielian","OAK","17","19","85.0","5","6","","","82","45","15","86","34","1.37","9.10","3.63","4.78","4.83","","0.5","0.5","18331"
"Dany Jiménez","OAK","1","36","42.0","4","2","","","34","17","5","52","19","1.28","11.10","4.14","3.54","3.65","","0.5","0.5","21170"
"Ryan Borucki","TOR","8","24","58.0","3","4","","","56","29","7","54","27","1.44","8.34","4.25","4.56","4.33","","0.5","0.5","16350"
"Justin Bruihl","LAD","2","39","44.0","3","2","","","41","18","5","42","13","1.23","8.63","2.66","3.74","3.88","","0.5","0.4","23779"
"Tyler Wells","BAL","6","32","56.0","2","4","","","53","31","12","59","16","1.24","9.63","2.58","4.97","4.70","","0.5","0.2","20000"
"Eli Morgan","CLE","19","21","94.0","4","7","","","100","54","19","87","29","1.37","8.41","2.77","5.18","5.00","","0.5","0.3","20203"
"Zach Thompson","PIT","10","30","72.0","4","5","","","73","38","11","64","28","1.40","8.03","3.49","4.70","4.61","","0.5","0.2","16094"
"Tony Santillan","CIN","10","31","69.0","3","4","","","64","37","11","79","36","1.44","10.40","4.66","4.79","4.70","","0.5","0.4","19926"
"Bailey Falter","PHI","7","22","53.0","2","3","","","54","27","9","50","13","1.27","8.50","2.24","4.56","4.47","","0.5","0.3","20070"
"JP Sears","NYY","12","19","67.0","4","5","","","68","36","11","66","25","1.38","8.80","3.33","4.80","4.70","","0.5","0.4","23429"
"Matt Brash","SEA","19","19","91.0","4","6","","","87","48","13","87","44","1.45","8.59","4.41","4.73","4.77","","0.5","0.5","25756"
"Jeff Hoffman","CIN","1","56","56.0","3","3","","","50","27","7","67","29","1.42","10.87","4.69","4.30","4.11","","0.5","0.3","17432"
"Dillon Tate","BAL","3","46","61.0","3","3","","","61","29","7","50","20","1.33","7.32","2.97","4.21","4.25","","0.5","0.5","17796"
"John Schreiber","BOS","5","34","52.0","3","3","","","55","27","7","48","19","1.42","8.25","3.29","4.60","4.27","","0.5","0.3","20020"
"Aaron Loup","LAA","1","47","38.0","3","2","","","34","15","4","40","11","1.18","9.37","2.57","3.50","3.48","","0.5","0.5","10343"
"Adam Ottavino","NYM","0","53","49.0","5","3","","","36","18","4","65","27","1.31","12.03","5.05","3.42","3.53","","0.5","0.5","1247"
"J.P. Feyereisen","TBR","1","45","48.0","5","3","","","39","20","5","57","23","1.28","10.70","4.26","3.77","3.75","","0.5","0.4","16610"
"Matt Barnes","BOS","1","51","46.0","5","4","","","37","21","6","63","24","1.33","12.26","4.71","4.03","3.81","","0.5","0.5","12863"
"A.J. Puk","OAK","3","33","52.0","4","3","","","49","22","6","54","21","1.36","9.36","3.65","3.93","3.97","","0.5","0.6","19343"
"Mike Mayers","LAA","2","52","54.0","3","3","","","50","25","8","62","21","1.31","10.47","3.49","4.22","4.03","","0.5","0.4","15451"
"Jake Cousins","MIL","1","36","38.0","3","1","","","29","14","4","53","16","1.19","12.48","3.89","3.38","3.46","","0.5","0.5","21620"
"Kendall Graveman","CHW","0","45","45.0","3","2","","","38","17","4","47","18","1.26","9.51","3.56","3.49","3.63","","0.5","0.6","15514"
"Seranthony Domínguez","PHI","2","29","31.0","3","2","","","26","12","2","33","13","1.26","9.56","3.66","3.46","3.43","","0.5","0.5","19249"
"Corey Knebel","PHI","2","32","29.0","2","1","","","24","12","3","37","12","1.23","11.34","3.78","3.53","3.39","","0.5","0.3","15010"
"Taylor Clarke","KCR","9","35","71.0","3","5","","","76","39","11","61","24","1.40","7.69","3.05","4.90","4.52","","0.5","0.3","17611"
"Jorge Alcala","MIN","5","38","60.0","4","4","","","57","30","8","62","23","1.35","9.36","3.50","4.53","4.20","","0.5","0.3","19459"
"Daniel Hudson","LAD","0","47","45.0","5","3","","","37","19","6","55","17","1.20","11.10","3.34","3.76","3.72","","0.5","0.4","7146"
"Alex Faedo","DET","15","15","70.0","3","5","","","76","39","15","61","18","1.36","7.92","2.39","5.05","5.10","","0.5","0.4","19874"
"Phoenix Sanders","TBR","0","39","50.0","3","2","","","45","20","5","54","17","1.22","9.58","3.05","3.53","3.57","","0.5","0.4","20541"
"Josh Staumont","KCR","2","52","56.0","3","3","","","46","26","6","68","32","1.40","10.99","5.25","4.22","4.01","","0.5","0.4","18335"
"Connor Brogdon","PHI","2","42","47.0","3","3","","","43","23","7","51","17","1.26","9.88","3.21","4.37","4.19","","0.5","0.1","21205"
"Mark Melancon","ARI","0","46","46.0","3","2","","","46","18","3","35","14","1.32","7.01","2.78","3.62","3.53","","0.5","0.5","4264"
"Michael Lorenzen","LAA","3","35","52.0","3","3","","","50","24","6","46","21","1.36","7.97","3.63","4.18","4.13","","0.5","0.5","14843"
"Spencer Howard","TEX","17","19","63.0","2","4","","","64","37","12","68","26","1.42","9.75","3.68","5.23","4.81","","0.5","0.1","23252"
"Jhoan Duran","MIN","8","13","41.0","3","3","","","39","20","6","44","18","1.38","9.64","3.91","4.34","4.29","","0.4","0.4","21029"
"Brusdar Graterol","LAD","0","47","44.0","4","2","","","41","18","4","42","15","1.26","8.45","3.06","3.55","3.70","","0.4","0.4","20367"
"Tommy Kahnle","LAD","0","51","44.0","3","1","","","35","18","7","63","16","1.15","12.83","3.19","3.59","3.56","","0.4","0.4","11384"
"Elieser Hernandez","MIA","17","20","82.0","3","4","","","82","45","17","86","25","1.31","9.41","2.76","4.97","4.90","","0.4","0.1","16933"
"Luis Cessa","CIN","1","40","55.0","2","2","","","54","27","7","50","19","1.33","8.19","3.16","4.36","4.07","","0.4","0.3","13345"
"Ty Blach","COL","13","23","69.0","2","5","","","89","46","11","43","19","1.57","5.54","2.52","6.04","5.01","","0.4","-0.1","14361"
"John Brebbia","SFG","1","39","40.0","2","2","","","35","16","5","49","14","1.23","11.02","3.15","3.63","3.64","","0.4","0.4","12777"
"Drew Hutchison","DET","15","24","85.0","4","8","","","91","48","12","68","39","1.52","7.14","4.13","5.06","4.97","","0.4","0.3","10732"
"Adam Cimber","TOR","0","58","54.0","5","3","","","54","23","5","37","12","1.23","6.30","2.02","3.82","3.91","","0.4","0.6","15288"
"Tyler Rogers","SFG","0","61","61.0","4","3","","","61","24","5","42","15","1.25","6.23","2.17","3.60","3.72","","0.4","0.6","15541"
"John King","TEX","5","26","53.0","4","5","","","54","26","6","47","19","1.38","7.90","3.18","4.36","4.23","","0.4","0.4","22051"
"Trevor Richards","TOR","0","53","56.0","4","3","","","49","26","8","67","23","1.26","10.75","3.64","4.08","3.97","","0.4","0.4","19309"
"Tyler Gilbert","ARI","10","21","63.0","4","4","","","64","32","10","53","21","1.35","7.61","2.97","4.67","4.60","","0.4","0.5","17964"
"Lucas Luetge","NYY","1","45","52.0","3","3","","","50","24","8","54","16","1.26","9.28","2.73","4.07","4.07","","0.4","0.3","8337"
"Kris Bubic","KCR","20","26","112.0","5","8","","","114","64","18","98","51","1.48","7.88","4.13","5.15","5.02","","0.4","0.4","21455"
"José Álvarez","SFG","1","53","45.0","3","3","","","44","19","4","38","16","1.34","7.63","3.27","3.81","3.73","","0.4","0.3","5358"
"Caleb Thielbar","MIN","0","44","49.0","3","2","","","46","22","7","53","16","1.28","9.68","3.02","4.11","3.94","","0.4","0.3","10078"
"Brett Martin","TEX","0","55","54.0","3","3","","","56","24","5","45","16","1.34","7.49","2.70","3.95","3.79","","0.4","0.4","17369"
"Richard Bleier","MIA","0","49","43.0","2","1","","","43","17","4","31","7","1.18","6.56","1.54","3.61","3.50","","0.4","0.3","7803"
"Miguel Castro","NYY","1","59","59.0","3","3","","","51","29","6","69","37","1.49","10.56","5.59","4.35","4.12","","0.4","0.2","15684"
"David Robertson","CHC","1","27","25.0","2","1","","","21","10","2","32","11","1.26","11.31","3.98","3.70","3.16","","0.4","0.3","8241"
"Wil Crowe","PIT","19","25","100.0","4","7","","","107","58","16","89","46","1.53","8.09","4.15","5.27","5.04","","0.4","0.0","19800"
"Kyle Finnegan","WSN","0","50","49.0","5","4","","","45","22","5","53","23","1.40","9.88","4.27","4.00","3.85","","0.4","0.4","15009"
"Craig Kimbrel","LAD","0","46","41.0","3","2","","","31","17","6","62","19","1.23","13.81","4.22","3.82","3.66","","0.4","0.2","6655"
"Mike Baumann","BAL","14","20","66.0","3","6","","","71","40","10","54","34","1.60","7.31","4.71","5.42","5.23","","0.4","0.1","20206"
"Wily Peralta","DET","13","23","71.0","3","4","","","72","38","9","54","34","1.49","6.92","4.28","4.84","4.91","","0.4","0.5","7738"
"Connor Overton","CIN","7","22","49.0","1","2","","","52","26","8","42","16","1.40","7.68","3.04","4.78","4.67","","0.4","0.3","18376"
"José Alvarado","PHI","1","53","46.0","3","2","","","36","19","4","61","32","1.47","12.00","6.22","3.79","3.90","","0.4","0.4","17780"
"Daniel Bard","COL","0","48","48.0","6","5","","","43","22","6","59","24","1.41","11.06","4.48","4.16","4.15","","0.4","0.5","7115"
"Robert Suarez","SDP","1","44","47.0","2","1","","","42","19","6","51","16","1.25","9.75","3.13","3.75","3.76","","0.4","0.4","30115"
"Alexander Wells","BAL","14","19","77.0","3","7","","","90","48","17","56","19","1.42","6.56","2.23","5.63","5.51","","0.4","-0.1","19845"
"Chad Kuhl","COL","14","21","72.0","4","6","","","76","42","12","66","34","1.53","8.26","4.27","5.28","5.08","","0.4","0.5","14975"
"Paolo Espino","WSN","12","25","73.0","3","4","","","78","42","15","64","20","1.36","7.95","2.53","5.24","4.97","","0.4","0.0","8246"
"Trevor Stephan","CLE","6","34","63.0","3","4","","","60","33","11","74","29","1.41","10.63","4.10","4.75","4.55","","0.4","0.2","19932"
"Sean Poppen","ARI","6","30","59.0","4","5","","","62","31","8","55","26","1.49","8.39","3.95","4.72","4.43","","0.4","0.2","19583"
"Robert Dugger","CIN","16","21","88.0","4","6","","","93","48","14","75","31","1.41","7.63","3.19","4.94","4.71","","0.4","0.2","19191"
"Wandy Peralta","NYY","1","49","44.0","3","2","","","42","20","5","41","17","1.36","8.39","3.56","4.02","3.95","","0.4","0.4","14295"
"Logan Allen","CLE","16","22","81.0","4","6","","","89","47","12","66","36","1.54","7.34","4.01","5.15","4.91","","0.4","0.2","18555"
"Joan Adon","WSN","19","19","93.0","5","8","","","100","55","14","76","42","1.54","7.37","4.11","5.29","5.11","","0.4","0.1","22925"
"Trevor May","NYM","0","50","48.0","4","3","","","41","21","7","61","19","1.26","11.43","3.53","3.91","3.76","","0.4","0.1","6398"
"Bryan Abreu","HOU","4","37","57.0","3","2","","","49","27","6","68","37","1.51","10.78","5.85","4.25","4.30","","0.4","0.4","16609"
"Bowden Francis","TOR","19","20","94.0","6","9","","","99","54","17","85","39","1.47","8.17","3.73","5.17","5.03","","0.4","0.5","20548"
"Art Warren","CIN","0","34","30.0","3","2","","","24","13","4","40","15","1.28","12.01","4.44","3.81","3.70","","0.3","0.3","18251"
"Danny Coulombe","MIN","1","34","41.0","3","2","","","40","19","5","39","13","1.31","8.61","2.93","4.09","3.97","","0.3","0.3","13293"
"Ryan Thompson","TBR","1","33","29.0","3","2","","","27","11","3","28","7","1.17","8.52","2.20","3.49","3.43","","0.3","0.4","16647"
"Alex Vesia","LAD","0","40","42.0","2","1","","","32","18","6","58","20","1.25","12.42","4.30","3.80","3.94","","0.3","0.3","25007"
"Colin Poche","TBR","2","51","58.0","5","4","","","46","25","9","73","20","1.15","11.39","3.16","3.94","3.90","","0.3","0.3","19403"
"Steven Wilson","SDP","0","31","40.0","3","2","","","33","17","6","54","17","1.25","12.11","3.91","3.71","3.74","","0.3","0.3","20353"
"Joe Mantiply","ARI","0","43","37.0","2","2","","","35","15","4","35","11","1.28","8.51","2.73","3.82","3.59","","0.3","0.3","14857"
"Jovani Moran","MIN","0","29","50.0","2","2","","","41","22","5","64","29","1.41","11.56","5.24","4.04","3.88","","0.3","0.4","20422"
"Damon Jones","PHI","8","25","55.0","3","4","","","51","31","6","57","40","1.65","9.27","6.54","5.00","4.98","","0.3","0.1","23310"
"Nabil Crismatt","SDP","7","34","81.0","3","3","","","81","40","13","78","29","1.35","8.61","3.18","4.44","4.57","","0.3","0.2","17732"
"Rowan Wick","CHC","0","37","38.0","2","1","","","32","15","4","45","19","1.32","10.67","4.37","3.53","3.68","","0.3","0.5","14646"
"Kirby Snead","OAK","1","39","42.0","2","2","","","39","18","5","43","16","1.32","9.25","3.49","3.93","3.96","","0.3","0.3","19179"
"Alex Lange","DET","6","40","64.0","4","6","","","62","33","7","63","35","1.52","8.85","4.92","4.72","4.48","","0.3","0.2","19883"
"James Norwood","PHI","0","42","43.0","3","3","","","41","21","6","54","24","1.49","11.12","5.01","4.45","4.21","","0.3","0.0","16440"
"Tim Hill","SDP","0","60","46.0","5","3","","","43","19","5","43","16","1.27","8.37","3.12","3.64","3.88","","0.3","0.4","16814"
"Víctor Arano","WSN","0","33","34.0","1","1","","","29","14","4","38","14","1.27","10.26","3.66","3.80","3.68","","0.3","0.4","15915"
"Cionel Pérez","BAL","3","42","50.0","2","3","","","48","26","7","52","28","1.51","9.21","5.01","4.69","4.65","","0.3","0.1","19614"
"Sam Long","SFG","11","26","68.0","2","3","","","67","35","10","62","26","1.38","8.31","3.48","4.61","4.54","","0.3","0.2","25379"
"Anthony Misiewicz","SEA","8","44","67.0","4","6","","","69","34","11","63","19","1.32","8.53","2.52","4.64","4.48","","0.3","0.2","18152"
"Matt Foster","CHW","0","45","51.0","2","2","","","47","23","8","53","19","1.30","9.35","3.31","4.14","4.27","","0.3","0.3","19647"
"Steven Okert","MIA","1","41","43.0","3","3","","","38","19","6","50","16","1.25","10.57","3.27","4.08","4.08","","0.3","0.2","13580"
"Chris Martin","CHC","0","40","38.0","2","2","","","38","16","5","35","7","1.18","8.30","1.66","3.72","3.75","","0.3","0.4","11847"
"Adonis Medina","NYM","14","17","65.0","3","5","","","63","34","10","48","27","1.39","6.64","3.75","4.76","5.09","","0.3","0.2","19903"
"Dylan Coleman","KCR","0","44","49.0","3","3","","","45","22","6","56","23","1.38","10.25","4.17","4.10","4.01","","0.3","0.4","22276"
"Evan Phillips","LAD","1","35","45.0","3","2","","","40","20","7","55","19","1.33","11.03","3.87","4.07","4.23","","0.3","0.2","17734"
"Paul Fry","BAL","0","52","48.0","3","3","","","42","23","4","54","30","1.49","10.12","5.59","4.38","4.23","","0.3","0.1","15832"
"Cody Poteet","MIA","13","16","73.0","3","6","","","76","42","12","61","29","1.43","7.51","3.59","5.20","5.01","","0.3","-0.2","18769"
"Jimmy Lambert","CHW","16","17","60.0","3","5","","","61","35","11","60","29","1.49","8.98","4.26","5.18","5.19","","0.3","0.1","19541"
"Rafael Montero","HOU","0","36","40.0","4","2","","","38","17","5","41","12","1.27","9.27","2.78","3.86","3.88","","0.3","0.3","12760"
"Sam Hentges","CLE","12","28","73.0","2","3","","","79","42","12","70","35","1.56","8.60","4.35","5.12","4.85","","0.3","0.1","18548"
"Camilo Doval","SFG","0","49","51.0","4","3","","","40","21","4","64","30","1.38","11.36","5.28","3.72","3.75","","0.3","0.4","21992"
"Mark Leiter Jr.","CHC","13","21","76.0","5","7","","","80","43","14","72","28","1.41","8.47","3.28","5.06","4.94","","0.3","0.1","15551"
"Miguel Yajure","PIT","12","17","62.0","3","5","","","66","35","10","48","24","1.45","6.97","3.48","5.04","5.02","","0.3","0.1","21111"
"Jhoulys Chacín","COL","9","32","70.0","3","6","","","74","43","11","58","31","1.50","7.48","4.02","5.49","5.05","","0.3","0.2","2608"
"Austin Voth","WSN","9","33","66.0","3","4","","","69","38","13","65","23","1.39","8.87","3.11","5.15","4.94","","0.3","-0.1","15047"
"Patrick Murphy","WSN","7","28","58.0","3","3","","","58","32","8","51","29","1.51","7.95","4.54","4.99","4.80","","0.3","0.0","19712"
"Keegan Thompson","CHC","9","28","65.0","3","4","","","64","34","11","63","27","1.41","8.71","3.82","4.70","4.81","","0.3","0.3","19795"
"Sean Reid-Foley","NYM","11","25","72.0","3","5","","","65","39","11","82","45","1.53","10.36","5.62","4.92","4.88","","0.3","-0.2","17034"
"Hoby Milner","MIL","0","42","43.0","2","1","","","40","18","7","50","12","1.21","10.55","2.57","3.81","3.91","","0.3","0.3","13346"
"Ryan Tepera","LAA","0","48","42.0","1","1","","","36","20","6","49","18","1.27","10.47","3.77","4.30","4.16","","0.3","0.1","10291"
"Andrew Wantz","LAA","7","24","51.0","2","3","","","50","28","10","55","23","1.44","9.77","4.14","5.05","5.01","","0.3","0.1","24933"
"Clarke Schmidt","NYY","10","14","49.0","3","4","","","51","27","7","45","23","1.49","8.18","4.16","4.89","4.91","","0.3","0.3","19899"
"Drew Smith","NYM","1","31","36.0","2","1","","","32","16","5","41","15","1.28","10.07","3.60","3.98","4.11","","0.3","0.1","17755"
"Jarlín García","SFG","0","48","51.0","5","3","","","45","22","5","48","17","1.23","8.46","3.08","3.86","3.79","","0.3","0.3","18282"
"Sean Newcomb","CHC","6","37","64.0","3","4","","","57","32","10","68","32","1.40","9.53","4.47","4.56","4.64","","0.3","0.3","16943"
"Louis Head","MIA","2","40","44.0","1","1","","","40","20","5","42","17","1.33","8.76","3.60","4.23","4.28","","0.3","0.1","13259"
"Nick Nelson","PHI","8","29","64.0","4","5","","","61","35","8","68","40","1.58","9.56","5.66","4.86","4.83","","0.3","0.1","20153"
"Seth Martinez","HOU","0","32","47.0","4","3","","","44","23","7","50","18","1.34","9.65","3.48","4.37","4.24","","0.3","0.0","21045"
"Alexis Diaz","CIN","1","33","43.0","2","2","","","38","21","5","49","24","1.46","10.33","5.09","4.40","4.30","","0.3","0.2","21132"
"Justus Sheffield","SEA","16","23","85.0","5","7","","","90","46","12","75","42","1.55","7.93","4.46","4.91","4.92","","0.3","0.3","17285"
"Phil Maton","HOU","1","54","55.0","3","2","","","50","24","7","60","23","1.32","9.81","3.75","3.98","4.10","","0.3","0.4","18064"
"Austin Davis","BOS","0","42","45.0","2","2","","","43","23","6","49","22","1.43","9.80","4.32","4.66","4.21","","0.3","0.0","17117"
"David Phelps","TOR","1","23","20.0","1","1","","","18","9","2","23","8","1.28","10.11","3.55","3.80","3.67","","0.3","0.3","6316"
"Will Smith","ATL","0","54","50.0","3","3","","","41","22","9","64","18","1.19","11.55","3.26","4.06","4.15","","0.3","0.3","8048"
"Wyatt Mills","SEA","1","30","39.0","2","2","","","36","17","5","40","14","1.29","9.20","3.17","3.89","3.93","","0.3","0.3","20010"
"Jesse Chavez","ATL","3","36","47.0","2","2","","","47","22","7","44","14","1.29","8.37","2.66","4.28","4.25","","0.3","0.3","5448"
"Anthony Bender","MIA","2","46","51.0","3","3","","","47","24","6","54","21","1.33","9.45","3.72","4.26","4.13","","0.2","0.1","19742"
"Jhon Romero","MIN","0","33","43.0","2","2","","","45","21","5","36","14","1.36","7.49","2.96","4.34","3.97","","0.2","0.1","19940"
"Robert Stephenson","COL","1","42","41.0","1","2","","","37","21","6","48","19","1.36","10.48","4.08","4.51","4.26","","0.2","0.3","13594"
"Brent Suter","MIL","3","39","54.0","5","5","","","55","26","8","46","16","1.31","7.59","2.65","4.28","4.37","","0.2","0.3","13942"
"Noé Ramirez","ARI","2","45","46.0","2","3","","","42","23","7","49","17","1.28","9.59","3.34","4.43","4.40","","0.2","0.1","12800"
"Tanner Rainey","WSN","1","42","38.0","2","2","","","30","19","5","56","26","1.46","13.10","6.14","4.50","4.27","","0.2","0.0","17610"
"Chris Mazza","TBR","6","25","56.0","2","3","","","56","29","9","52","22","1.38","8.37","3.46","4.63","4.69","","0.2","0.2","14151"
"Jharel Cotton","MIN","2","31","48.0","2","2","","","46","25","7","50","24","1.46","9.42","4.45","4.69","4.57","","0.2","0.1","13654"
"Julian Merryweather","TOR","1","18","22.0","1","1","","","23","10","3","21","6","1.28","8.46","2.33","4.14","3.80","","0.2","0.2","16703"
"Ryan Helsley","STL","2","39","47.0","4","4","","","41","21","6","53","23","1.36","10.18","4.45","4.12","4.15","","0.2","0.2","18138"
"Tyler Duffey","MIN","0","50","51.0","3","3","","","47","24","7","53","17","1.24","9.27","3.03","4.15","4.07","","0.2","0.2","13758"
"Joe Smith","MIN","1","38","31.0","3","3","","","32","14","4","25","6","1.24","7.21","1.88","3.96","3.95","","0.2","0.3","3281"
"Ryan Brasier","BOS","0","38","34.0","2","2","","","33","15","4","33","11","1.29","8.82","2.93","3.95","3.93","","0.2","0.3","5615"
"Kodi Whitley","STL","1","39","44.0","3","3","","","40","20","5","45","17","1.31","9.22","3.59","4.01","4.06","","0.2","0.2","19731"
"Domingo Acevedo","OAK","1","34","42.0","2","2","","","39","19","6","44","13","1.25","9.60","2.82","4.03","4.07","","0.2","0.3","17092"
"Jordan Lyles","BAL","23","25","128.0","5","12","","","143","82","30","107","44","1.46","7.54","3.11","5.73","5.72","","0.2","-0.3","7593"
"Adam Kolarek","OAK","0","43","43.0","1","1","","","43","19","3","28","15","1.37","5.86","3.18","3.94","4.04","","0.2","0.3","10843"
"Amir Garrett","KCR","0","52","41.0","2","2","","","35","19","5","52","24","1.42","11.29","5.16","4.16","4.01","","0.2","0.2","14375"
"Mychal Givens","CHC","1","47","46.0","3","3","","","38","23","7","59","24","1.35","11.62","4.74","4.44","4.17","","0.2","0.0","10430"
"Brad Hand","PHI","0","53","48.0","5","4","","","43","21","7","55","20","1.29","10.33","3.68","3.93","4.26","","0.2","0.3","9111"
"Yimi García","TOR","0","50","45.0","5","4","","","41","21","7","47","14","1.21","9.36","2.74","4.16","4.11","","0.2","0.3","12095"
"Francisco Perez","WSN","0","29","45.0","1","2","","","42","22","5","47","23","1.44","9.53","4.58","4.46","4.20","","0.2","0.1","21018"
"Steve Cishek","WSN","0","56","50.0","2","1","","","45","22","5","46","24","1.38","8.22","4.28","3.94","4.34","","0.2","0.3","6483"
"José Quijada","LAA","0","39","42.0","2","2","","","36","20","6","53","23","1.42","11.34","5.02","4.29","4.36","","0.2","0.1","19200"
"Gregory Soto","DET","0","55","52.0","3","4","","","44","25","6","63","32","1.46","10.89","5.50","4.35","4.17","","0.2","0.2","19677"
"Scott Effross","CHC","2","38","56.0","4","4","","","58","28","8","51","15","1.31","8.12","2.44","4.57","4.35","","0.2","0.1","18384"
"Anthony Bass","MIA","1","54","48.0","4","4","","","44","22","7","49","18","1.28","9.10","3.32","4.15","4.16","","0.2","0.1","7982"
"Alex Colomé","COL","0","51","49.0","3","3","","","50","24","6","41","18","1.38","7.56","3.25","4.42","4.33","","0.2","0.3","6661"
"Lucas Gilbreath","COL","11","32","69.0","3","5","","","74","43","10","65","42","1.69","8.46","5.52","5.67","5.17","","0.2","0.1","21290"
"Trevor Gott","MIL","1","39","37.0","2","2","","","34","18","6","42","14","1.28","10.24","3.32","4.39","4.23","","0.2","0.1","15046"
"Dominic Leone","SFG","2","52","49.0","3","3","","","44","24","7","55","22","1.35","10.18","4.07","4.34","4.10","","0.2","0.0","13763"
"Matt Moore","TEX","12","24","67.0","2","4","","","73","41","12","61","33","1.56","8.16","4.37","5.42","5.14","","0.2","-0.1","1890"
"Parker Mushinski","HOU","8","20","53.0","1","2","","","51","28","8","50","26","1.47","8.56","4.50","4.81","4.81","","0.2","0.2","21324"
"Ian Kennedy","ARI","0","45","44.0","2","2","","","42","22","7","47","16","1.31","9.60","3.22","4.42","4.31","","0.2","0.0","6986"
"Bennett Sousa","CHW","0","39","46.0","3","4","","","45","23","7","44","16","1.33","8.68","3.15","4.49","4.38","","0.2","0.0","21345"
"Ethan Roberts","CHC","0","37","46.0","3","3","","","46","23","6","44","17","1.38","8.61","3.35","4.47","4.28","","0.2","0.0","24930"
"Jacob Barnes","DET","0","39","38.0","2","2","","","38","18","5","36","15","1.38","8.53","3.46","4.29","4.15","","0.2","0.1","12323"
"Daniel Norris","CHC","0","48","49.0","2","2","","","47","23","7","52","19","1.33","9.51","3.47","4.21","4.22","","0.2","0.2","13475"
"Kervin Castro","SFG","0","33","49.0","4","3","","","47","23","5","48","21","1.39","8.77","3.89","4.25","4.09","","0.2","0.0","21656"
"Sean Doolittle","WSN","0","42","38.0","2","2","","","36","18","7","40","11","1.25","9.58","2.69","4.22","4.39","","0.2","0.2","1581"
"Oliver Ortega","LAA","5","33","60.0","3","4","","","61","33","8","54","32","1.55","8.03","4.77","4.95","4.91","","0.2","0.0","21025"
"Hirokazu Sawamura","BOS","0","45","43.0","2","2","","","39","20","5","49","23","1.43","10.16","4.77","4.19","4.19","","0.2","0.3","27515"
"Taylor Hearn","TEX","11","31","84.0","4","7","","","84","49","15","83","39","1.47","8.88","4.16","5.29","5.02","","0.2","-0.1","18325"
"Yunior Marte","SFG","1","38","51.0","2","1","","","49","24","5","49","22","1.39","8.63","3.89","4.24","4.05","","0.2","0.1","14416"
"Darren O'Day","ATL","0","15","12.0","1","1","","","11","5","1","14","4","1.16","10.50","2.60","3.99","3.44","","0.2","0.1","3321"
"Austin Warren","LAA","1","33","47.0","4","5","","","46","25","7","47","25","1.49","8.96","4.67","4.73","4.68","","0.2","0.0","24937"
"José Ruiz","CHW","0","49","50.0","1","2","","","46","25","7","55","24","1.40","9.75","4.35","4.50","4.48","","0.2","0.0","14552"
"Sergio Romo","SEA","0","45","41.0","1","1","","","38","19","6","42","14","1.30","9.28","3.20","4.27","4.23","","0.2","0.1","9817"
"Josh Sborz","TEX","0","48","47.0","2","3","","","42","24","8","57","20","1.34","11.05","3.92","4.64","4.30","","0.2","0.0","18323"
"Adam Oller","OAK","17","18","83.0","4","6","","","88","48","14","71","37","1.51","7.73","4.02","5.24","5.09","","0.2","0.0","20132"
"Brad Boxberger","MIL","0","51","44.0","3","3","","","37","21","7","55","22","1.34","11.28","4.48","4.31","4.34","","0.2","0.1","10133"
"Dereck Rodríguez","MIN","15","20","80.0","3","6","","","86","47","15","65","28","1.42","7.29","3.09","5.31","5.18","","0.2","0.1","14509"
"Gabe Speier","KCR","0","45","48.0","1","2","","","49","24","6","45","16","1.35","8.35","2.91","4.40","4.11","","0.1","0.1","17170"
"Anthony Kay","TOR","13","19","68.0","3","5","","","70","39","11","65","34","1.54","8.64","4.48","5.22","5.11","","0.1","0.3","20387"
"Andrew Bellatti","PHI","0","27","29.0","1","2","","","28","14","4","31","11","1.35","9.63","3.46","4.49","4.24","","0.1","0.0","10657"
"JT Chargois","TBR","0","40","37.0","3","2","","","32","15","4","41","17","1.33","9.90","4.24","3.75","3.96","","0.1","0.2","13767"
"Andrés Muñoz","SEA","1","23","22.0","2","2","","","18","10","4","32","12","1.33","13.03","4.72","3.96","4.07","","0.1","0.1","20373"
"Michael Rucker","CHC","3","31","64.0","1","2","","","66","34","11","65","22","1.38","9.18","3.15","4.78","4.58","","0.1","0.0","19454"
"Griffin Jax","MIN","16","22","92.0","4","7","","","101","56","18","73","31","1.44","7.12","3.07","5.46","5.33","","0.1","-0.1","20253"
"Beau Sulser","PIT","15","21","86.0","4","7","","","99","52","13","59","35","1.56","6.19","3.62","5.43","5.17","","0.1","-0.2","23420"
"Sam Selman","OAK","1","34","37.0","1","1","","","31","18","5","40","20","1.38","9.73","4.75","4.34","4.44","","0.1","0.1","13397"
"Ryne Stanek","HOU","0","56","54.0","3","2","","","44","26","9","70","29","1.33","11.59","4.75","4.34","4.40","","0.1","0.1","15947"
"Justin Grimm","OAK","1","38","42.0","2","2","","","38","21","6","46","19","1.36","10.03","4.14","4.44","4.37","","0.1","0.1","11720"
"Ashton Goudeau","COL","7","23","60.0","2","4","","","70","38","11","42","22","1.51","6.19","3.23","5.62","5.29","","0.1","0.0","15139"
"Ronald Bolaños","KCR","16","20","72.0","3","6","","","77","43","10","60","41","1.64","7.50","5.08","5.45","5.15","","0.1","0.1","20041"
"Kolby Allard","TEX","15","26","97.0","4","9","","","105","60","20","79","31","1.41","7.40","2.90","5.62","5.22","","0.1","-0.4","18694"
"Pedro Avila","SDP","8","26","56.0","2","3","","","55","29","8","52","26","1.45","8.45","4.15","4.68","4.82","","0.1","0.2","18864"
"Archie Bradley","LAA","0","49","48.0","3","4","","","48","23","7","44","19","1.41","8.23","3.61","4.40","4.52","","0.1","0.2","12918"
"Jaime Barría","LAA","17","21","90.0","3","6","","","106","57","20","65","25","1.45","6.44","2.45","5.69","5.54","","0.1","-0.3","18356"
"Angel De Jesus","DET","2","36","50.0","3","4","","","48","26","5","49","28","1.53","8.87","5.12","4.64","4.47","","0.1","0.1","22323"
"Pedro Báez","","0","32","30.0","2","2","","","27","14","4","28","13","1.33","8.55","3.92","4.21","4.30","","0.1","0.1","5420"
"Shawn Armstrong","MIA","0","48","52.0","2","3","","","50","25","7","57","21","1.35","9.88","3.60","4.30","4.21","","0.1","0.0","12857"
"Tyler Kinley","COL","0","55","52.0","1","2","","","47","29","8","56","27","1.45","9.82","4.76","5.01","4.67","","0.1","0.1","18297"
"Oliver Pérez","","0","33","21.0","2","2","","","21","9","3","20","6","1.24","8.42","2.43","3.96","4.09","","0.1","0.1","1514"
"Austin Adams","SDP","0","28","28.0","2","1","","","22","12","3","38","18","1.43","12.33","5.67","3.70","4.06","","0.1","0.1","13801"
"Yoan López","NYM","0","40","41.0","2","2","","","37","18","6","40","15","1.29","8.75","3.36","4.02","4.41","","0.1","0.1","17181"
"Ron Marinaccio","NYY","0","30","45.0","1","1","","","40","21","6","52","23","1.40","10.44","4.65","4.31","4.35","","0.1","0.2","23488"
"Drew Steckenrider","SEA","0","48","48.0","2","3","","","45","23","7","43","15","1.25","7.93","2.82","4.37","4.47","","0.1","-0.1","18806"
"Duane Underwood Jr.","PIT","4","34","63.0","2","3","","","66","34","10","62","28","1.47","8.73","3.93","4.88","4.74","","0.1","-0.1","14677"
"Luis García","SDP","1","42","39.0","2","2","","","36","19","5","41","17","1.35","9.41","3.88","4.47","4.33","","0.1","-0.1","6984"
"Dusten Knight","TBR","0","29","32.0","2","2","","","31","16","5","33","13","1.37","9.24","3.58","4.45","4.31","","0.1","0.0","16537"
"Emilio Pagán","MIN","0","52","49.0","2","3","","","45","26","10","58","19","1.30","10.71","3.45","4.69","4.59","","0.1","-0.1","14771"
"Joe Jiménez","DET","0","51","45.0","3","4","","","39","23","7","54","23","1.40","10.98","4.65","4.64","4.57","","0.1","0.0","15761"
"Zach Pop","MIA","1","39","43.0","1","1","","","41","20","5","41","18","1.37","8.61","3.68","4.11","4.25","","0.1","0.2","20185"
"Phil Bickford","LAD","0","46","42.0","3","2","","","37","20","7","46","16","1.25","9.92","3.40","4.24","4.36","","0.1","0.0","18519"
"Aaron Sanchez","WSN","15","16","69.0","3","5","","","76","42","10","49","34","1.60","6.47","4.41","5.51","5.39","","0.1","-0.1","11490"
"Jake McGee","SFG","0","46","41.0","2","2","","","40","20","7","39","11","1.23","8.52","2.36","4.38","4.32","","0.1","-0.1","7550"
"Marcos Diplán","BAL","2","32","42.0","2","3","","","41","23","7","43","23","1.51","9.12","4.89","4.98","5.00","","0.1","0.0","17583"
"Zack Littell","SFG","1","53","55.0","2","1","","","51","25","8","56","20","1.30","9.18","3.29","4.19","4.18","","0.1","0.1","15823"
"Will Vest","DET","0","44","51.0","2","3","","","53","26","6","43","20","1.43","7.61","3.52","4.53","4.37","","0.1","0.0","19769"
"Keynan Middleton","ARI","2","29","27.0","2","2","","","26","15","4","29","13","1.42","9.69","4.20","4.81","4.45","","0.1","-0.1","15264"
"Vladimir Gutierrez","CIN","22","22","109.0","5","11","","","120","71","23","93","46","1.53","7.67","3.84","5.88","5.72","","0.1","-0.3","19278"
"Dauri Moreta","CIN","0","41","46.0","2","2","","","45","24","7","46","17","1.37","9.02","3.39","4.71","4.53","","0.1","0.0","21101"
"Corbin Martin","ARI","11","16","60.0","2","3","","","63","35","10","54","30","1.56","8.20","4.59","5.32","5.12","","0.1","0.1","19884"
"Chris Ellis","BAL","13","21","67.0","2","4","","","71","43","14","58","34","1.57","7.86","4.56","5.75","5.81","","0.1","-0.2","16125"
"Andrew Vasquez","TOR","0","32","39.0","1","2","","","34","20","5","49","22","1.44","11.36","5.16","4.57","4.28","","0.1","0.1","19482"
"Nick Sandlin","CLE","0","30","29.0","2","2","","","24","13","4","35","17","1.43","11.00","5.31","4.18","4.39","","0.1","0.2","20517"
"Nick Wittgren","STL","1","50","50.0","4","3","","","47","23","7","48","17","1.28","8.67","3.05","4.10","4.27","","0.1","0.1","15594"
"Jimmy Herget","LAA","1","44","52.0","3","3","","","50","27","8","54","22","1.39","9.29","3.85","4.58","4.57","","0.1","0.0","17556"
"Génesis Cabrera","STL","5","53","69.0","4","5","","","62","34","11","77","33","1.38","10.08","4.30","4.46","4.67","","0.1","0.1","17490"
"Jason Adam","TBR","1","27","27.0","3","2","","","22","13","4","35","15","1.39","11.80","5.14","4.26","4.51","","0.1","0.1","11861"
"Jake Diekman","BOS","0","54","45.0","2","2","","","37","22","6","61","29","1.47","12.30","5.81","4.39","4.39","","0.1","0.2","5003"
"J.B. Wendelken","ARI","0","43","47.0","3","4","","","46","25","7","45","20","1.42","8.68","3.94","4.75","4.51","","0.0","-0.1","14506"
"Tanner Tully","CLE","15","20","89.0","3","7","","","109","57","18","57","24","1.50","5.76","2.47","5.74","5.56","","0.0","-0.3","19518"
"Jandel Gustave","MIL","0","35","35.0","1","2","","","34","18","5","32","14","1.36","8.27","3.48","4.71","4.58","","0.0","-0.1","14665"
"Carlos Estévez","COL","0","54","52.0","3","3","","","57","29","8","48","20","1.48","8.42","3.46","5.02","4.67","","0.0","0.1","14542"
"Diego Castillo","SEA","0","32","37.0","3","3","","","33","17","5","37","19","1.41","9.03","4.58","4.20","4.43","","0.0","0.1","17496"
"Anthony Castro","CLE","8","27","55.0","2","4","","","56","34","9","59","34","1.62","9.65","5.49","5.54","5.30","","0.0","-0.3","19789"
"Dennis Santana","TEX","5","44","59.0","3","5","","","59","34","8","58","31","1.50","8.80","4.63","5.14","4.81","","0.0","-0.2","17878"
"Jordan Hicks","STL","2","26","28.0","2","2","","","24","14","3","32","18","1.47","10.25","5.64","4.49","4.51","","0.0","0.0","19618"
"Spencer Patton","TEX","0","42","39.0","2","3","","","38","21","6","39","17","1.39","8.89","3.89","4.75","4.60","","0.0","-0.2","12361"
"Bryan Baker","BAL","0","39","38.0","2","4","","","36","21","6","42","22","1.53","10.02","5.23","5.03","4.84","","0.0","-0.2","19804"
"Anthony Banda","PIT","4","31","61.0","3","4","","","65","34","10","53","25","1.48","7.82","3.76","5.01","4.93","","0.0","-0.2","14706"
"Matt Peacock","KCR","9","26","70.0","4","6","","","79","40","10","45","30","1.56","5.85","3.82","5.19","5.05","","0.0","0.0","20339"
"Brian Moran","LAA","0","38","37.0","1","1","","","34","18","6","40","16","1.37","9.81","4.02","4.42","4.58","","0.0","0.1","9646"
"Sam Moll","OAK","0","35","36.0","1","1","","","32","17","4","37","20","1.45","9.22","5.03","4.33","4.35","","0.0","0.0","14874"
"Lou Trivino","OAK","0","54","54.0","5","5","","","48","26","7","53","27","1.41","8.88","4.58","4.35","4.46","","0.0","0.1","15043"
"Tyler Beede","SFG","15","21","70.0","3","5","","","72","43","11","65","44","1.67","8.33","5.69","5.50","5.35","","0.0","-0.3","16981"
"Heath Hembree","PIT","0","48","43.0","2","4","","","40","23","8","53","20","1.38","10.88","4.20","4.82","4.66","","0.0","-0.2","11632"
"Blake Taylor","HOU","2","43","46.0","3","4","","","44","25","6","42","28","1.56","8.19","5.48","4.87","4.93","","0.0","-0.1","16418"
"Hunter Harvey","WSN","5","21","36.0","2","3","","","39","20","7","29","12","1.42","7.23","2.98","5.06","5.21","","0.0","0.0","15507"
"Javy Guerra","TBR","0","46","45.0","1","1","","","46","25","7","39","17","1.42","7.90","3.50","4.96","4.57","","0.0","-0.4","17292"
"Yohan Ramirez","SEA","4","32","53.0","2","4","","","44","29","8","66","39","1.57","11.32","6.66","4.88","5.06","","0.0","-0.1","19444"
"Chasen Shreve","NYM","0","45","44.0","2","3","","","39","21","7","50","20","1.33","10.11","3.98","4.33","4.52","","0.0","-0.1","10855"
"Hansel Robles","BOS","0","56","54.0","3","3","","","51","28","9","57","23","1.38","9.62","3.82","4.67","4.51","","0.0","0.1","11801"
"Kenny Rosenberg","LAA","8","17","59.0","3","5","","","63","37","11","54","31","1.59","8.15","4.76","5.58","5.40","","0.0","-0.2","20009"
"Ryan Hendrix","CIN","0","40","37.0","2","3","","","35","21","5","43","23","1.56","10.35","5.54","4.96","4.76","","0.0","-0.1","19535"
"Garrett Cleavinger","LAD","1","27","28.0","2","2","","","24","15","4","34","19","1.51","10.75","6.05","4.69","4.75","","0.0","-0.1","17897"
"Mauricio Llovera","SFG","6","26","53.0","2","3","","","55","31","8","48","24","1.49","8.20","4.04","5.19","4.94","","0.0","-0.3","20080"
"Elvin Rodriguez","DET","16","17","66.0","2","6","","","77","45","13","49","30","1.60","6.58","4.05","6.07","5.78","","0.0","-0.5","20962"
"Taylor Widener","ARI","14","21","68.0","2","3","","","68","41","13","69","34","1.51","9.15","4.48","5.46","5.41","","0.0","-0.1","19266"
"Caleb Smith","ARI","13","29","85.0","4","7","","","79","52","18","94","46","1.47","9.96","4.86","5.57","5.47","","0.0","-0.3","14875"
"Jackson Stephens","ATL","2","36","65.0","4","4","","","66","35","9","61","30","1.48","8.40","4.14","4.86","4.71","","-0.1","-0.1","14420"
"Joe Barlow","TEX","0","42","40.0","1","2","","","35","21","7","46","21","1.40","10.31","4.78","4.82","4.74","","-0.1","-0.1","22296"
"Jake Brentz","KCR","0","55","49.0","3","4","","","43","26","6","60","33","1.54","10.91","5.99","4.82","4.57","","-0.1","-0.1","17783"
"Hunter Strickland","CIN","0","44","42.0","1","2","","","41","24","7","42","21","1.49","9.04","4.55","5.23","5.13","","-0.1","-0.3","7836"
"Sam Clay","WSN","0","46","43.0","2","2","","","45","23","4","35","22","1.57","7.46","4.65","4.83","4.70","","-0.1","-0.2","16279"
"Sam Howard","PIT","3","42","46.0","2","4","","","41","25","8","58","28","1.51","11.49","5.45","4.98","5.02","","-0.1","-0.1","16265"
"Bryan Shaw","CLE","0","60","55.0","3","4","","","54","29","7","49","28","1.49","8.08","4.52","4.76","4.64","","-0.1","-0.1","8110"
"Ray Kerr","SDP","9","25","58.0","3","5","","","61","35","8","51","34","1.63","7.81","5.27","5.35","5.25","","-0.1","-0.4","23809"
"Ronel Blanco","HOU","0","34","38.0","3","3","","","35","20","6","40","19","1.44","9.67","4.53","4.75","4.73","","-0.1","-0.2","19407"
"Aaron Fletcher","PIT","0","38","49.0","2","3","","","53","26","7","36","18","1.46","6.74","3.30","4.80","4.76","","-0.1","-0.2","22052"
"Rony García","DET","6","15","41.0","1","3","","","45","26","9","35","17","1.53","7.69","3.87","5.81","5.60","","-0.1","-0.3","20430"
"Justin Lawrence","COL","0","44","43.0","3","5","","","44","27","5","40","31","1.73","8.35","6.41","5.55","5.04","","-0.1","-0.2","17639"
"Daniel Duarte","CIN","0","16","20.0","1","2","","","22","13","4","16","11","1.63","7.32","4.84","5.94","5.60","","-0.1","-0.4","17480"
"Mason Thompson","WSN","1","40","38.0","3","4","","","41","22","6","33","21","1.62","7.83","4.86","5.26","5.26","","-0.1","-0.3","21850"
"Ryan Burr","CHW","1","36","38.0","2","3","","","37","22","5","36","23","1.58","8.31","5.43","5.07","5.07","","-0.1","-0.3","17536"
"Kirk McCarty","CLE","18","18","85.0","4","7","","","97","54","17","66","32","1.51","6.91","3.36","5.67","5.55","","-0.2","-0.2","20555"
"Tyler Danish","BOS","2","25","50.0","2","4","","","56","30","9","43","18","1.48","7.75","3.22","5.41","4.99","","-0.2","-0.2","15126"
"Phillip Diehl","CIN","0","46","45.0","1","2","","","45","25","10","50","16","1.37","10.14","3.28","4.96","5.01","","-0.2","-0.2","20030"
"Erasmo Ramírez","WSN","8","21","54.0","2","3","","","61","34","12","38","15","1.41","6.37","2.52","5.63","5.56","","-0.2","-0.3","10314"
"Travis Lakins Sr.","BAL","2","37","46.0","2","4","","","49","27","9","41","22","1.54","8.02","4.27","5.30","5.38","","-0.2","-0.3","18600"
"Locke St. John","CHC","3","30","44.0","2","3","","","45","26","9","45","19","1.46","9.21","3.91","5.24","5.17","","-0.2","-0.3","16850"
"Kyle Crick","CHW","0","38","33.0","2","3","","","29","17","5","37","22","1.54","9.85","6.02","4.68","5.22","","-0.2","-0.1","13182"
"T.J. McFarland","STL","0","46","50.0","2","3","","","53","26","7","32","16","1.39","5.74","2.92","4.60","4.65","","-0.2","-0.2","3237"
"Matt Bush","TEX","1","16","16.0","0","1","","","17","11","4","17","7","1.51","9.67","3.76","6.14","5.82","","-0.2","-0.3","1246"
"José Ureña","MIL","11","27","73.0","3","5","","","79","44","13","54","31","1.52","6.76","3.87","5.47","5.49","","-0.2","-0.2","11589"
"Matthew Festa","SEA","1","26","30.0","1","2","","","30","17","7","34","13","1.42","10.03","3.75","5.13","5.15","","-0.2","-0.3","19330"
"Nick Snyder","TEX","0","25","24.0","1","2","","","25","15","4","22","16","1.66","8.28","5.76","5.49","5.50","","-0.2","-0.3","23493"
"Jason Foley","DET","0","36","37.0","1","1","","","41","21","5","26","17","1.55","6.35","4.11","5.02","5.00","","-0.2","-0.2","19531"
"Felix Bautista","BAL","0","30","34.0","2","4","","","32","22","6","37","25","1.68","9.92","6.66","5.73","5.65","","-0.2","-0.4","20666"
"Josh Rogers","WSN","16","20","92.0","4","9","","","111","62","20","57","28","1.52","5.60","2.78","6.07","5.92","","-0.2","-0.7","18510"
"Collin Snider","KCR","1","41","56.0","3","6","","","64","33","8","38","19","1.49","6.10","3.13","5.26","4.84","","-0.2","-0.3","23307"
"Zach Jackson","OAK","0","35","46.0","2","2","","","45","25","5","43","29","1.59","8.28","5.57","4.87","4.86","","-0.2","-0.3","19493"
"Buck Farmer","CIN","0","53","53.0","2","3","","","53","31","10","56","25","1.49","9.49","4.34","5.25","5.26","","-0.2","-0.3","14814"
"Greg Holland","","0","41","38.0","2","3","","","37","22","7","40","20","1.51","9.66","4.72","5.18","5.09","","-0.2","-0.3","7196"
"Jake Woodford","STL","13","28","91.0","4","6","","","94","51","15","70","39","1.46","6.97","3.83","5.09","5.30","","-0.2","-0.2","18674"
"Anthony Gose","CLE","1","29","29.0","2","4","","","25","18","4","36","24","1.71","11.20","7.48","5.78","5.40","","-0.3","-0.3","5097"
"Ralph Garza Jr.","TBR","0","31","52.0","3","3","","","42","24","8","50","24","1.27","8.54","4.16","4.09","4.79","","-0.3","0.1","17682"
"Elvis Peguero","LAA","0","25","41.0","2","4","","","46","25","7","32","18","1.55","7.05","3.93","5.36","5.20","","-0.3","-0.4","21652"
"Tayler Saucedo","TOR","5","29","54.0","2","4","","","59","34","11","43","22","1.52","7.20","3.76","5.65","5.58","","-0.3","-0.3","17888"
"Andres Machado","WSN","2","41","49.0","1","2","","","51","29","8","42","23","1.51","7.73","4.24","5.28","5.28","","-0.3","-0.3","14681"
"Joey Krehbiel","BAL","0","44","46.0","2","4","","","48","28","10","45","20","1.49","8.75","3.98","5.53","5.40","","-0.3","-0.5","13707"
"Phillips Valdez","BOS","5","36","60.0","2","3","","","64","36","9","52","30","1.59","7.93","4.59","5.47","5.30","","-0.3","-0.1","15605"
"Chase De Jong","PIT","12","15","63.0","2","5","","","74","44","14","50","28","1.61","7.05","4.02","6.22","5.93","","-0.4","-0.8","15036"
"Jacob Lemoine","OAK","1","37","45.0","3","4","","","48","26","6","34","23","1.56","6.75","4.49","5.19","5.17","","-0.4","-0.4","19785"
"Spenser Watkins","BAL","15","20","82.0","2","7","","","103","59","20","55","32","1.64","6.07","3.48","6.50","6.33","","-0.4","-0.8","17489"
"Matt Koch","SEA","8","25","65.0","2","5","","","75","42","15","48","21","1.47","6.62","2.91","5.72","5.82","","-0.4","-0.6","13420"
"Anderson Severino","CHW","0","33","35.0","1","2","","","34","21","5","34","28","1.78","8.83","7.12","5.49","5.88","","-0.5","-0.4","20582"
"Albert Abreu","TEX","5","29","52.0","1","4","","","58","38","10","53","38","1.82","9.11","6.50","6.45","5.92","","-0.5","-0.9","17485"
"Ryan Castellani","OAK","17","19","71.0","3","7","","","74","46","13","58","47","1.70","7.25","5.94","5.85","6.08","","-0.6","-0.6","16377"
