"Name","Team","G","PA","AB","H","2B","3B","HR","R","RBI","BB","SO","HBP","SB","CS","-1","AVG","OBP","SLG","OPS","wOBA","-1","BsR","Fld","-1","Off","Def","WAR","playerid"
"Juan Soto","WSN","131","569","444","136","24","2","29","101","93","120","89","3","11","5","",".307",".455",".568","1.023",".429","","0.2","-0.4","","49.5","-6.3","6.2","20123"
"José Ramírez","CLE","120","514","444","124","30","4","29","82","95","62","69","5","20","4","",".280",".372",".557",".929",".388","","1.9","2.3","","32.2","1.6","5.1","13510"
"Aaron Judge","NYY","114","493","428","119","20","0","32","74","83","59","133","3","5","2","",".278",".368",".552",".920",".388","","0.0","7.5","","29.5","4.2","5.1","15640"
"Mike Trout","LAA","89","391","311","87","18","2","25","68","65","70","91","8","7","1","",".279",".422",".593","1.015",".421","","0.1","0.9","","33.6","1.2","4.8","10155"
"Mookie Betts","LAD","115","522","449","126","25","2","23","96","63","64","79","6","15","4","",".281",".376",".504",".880",".375","","1.0","8.1","","25.8","3.0","4.6","13611"
"Vladimir Guerrero Jr.","TOR","131","559","487","147","25","2","36","95","93","65","86","4","2","1","",".301",".385",".579",".964",".403","","-0.8","-0.4","","36.7","-11.0","4.5","19611"
"Trea Turner","LAD","124","553","507","151","28","4","22","84","76","37","99","4","27","5","",".297",".347",".498",".846",".359","","3.5","-2.8","","22.6","2.7","4.4","16252"
"Manny Machado","SDP","129","546","486","139","26","2","24","76","88","53","89","3","11","2","",".285",".357",".493",".850",".359","","1.4","3.7","","20.7","4.3","4.3","11493"
"Corey Seager","TEX","118","505","453","130","27","2","22","76","77","45","84","3","4","0","",".287",".354",".500",".854",".363","","0.5","0.0","","20.5","5.4","4.3","13624"
"Kyle Tucker","HOU","127","517","465","132","30","3","25","77","89","46","97","2","19","3","",".283",".348",".521",".869",".366","","2.2","5.7","","25.0","0.1","4.3","18345"
"Yordan Alvarez","HOU","121","513","453","131","28","1","34","82","103","53","120","5","2","1","",".288",".367",".580",".947",".395","","-0.1","0.0","","34.8","-10.1","4.2","19556"
"Nolan Arenado","STL","127","530","480","131","27","2","26","67","87","45","81","2","2","1","",".273",".336",".499",".835",".350","","-0.1","7.5","","15.2","8.7","4.2","9777"
"Alex Bregman","HOU","109","473","399","108","26","1","20","70","73","65","64","5","2","1","",".271",".377",".489",".866",".370","","0.0","1.2","","22.5","2.7","4.1","17678"
"Freddie Freeman","LAD","129","564","489","144","27","2","27","89","85","66","99","5","6","2","",".294",".381",".525",".906",".381","","0.2","2.1","","29.7","-7.5","4.1","5361"
"Carlos Correa","MIN","119","504","446","122","27","1","19","72","73","52","100","3","1","0","",".274",".352",".468",".820",".351","","-1.0","4.2","","13.5","9.4","4.0","14162"
"Marcus Semien","TEX","131","587","525","136","30","2","25","85","69","57","109","2","11","4","",".260",".332",".466",".798",".341","","1.2","3.4","","13.8","5.5","3.9","12533"
"Will Smith","LAD","109","411","351","90","18","2","22","60","75","49","90","9","2","0","",".255",".359",".504",".863",".367","","0.2","1.1","","17.0","8.6","3.9","19197"
"Matt Olson","ATL","123","525","445","122","28","0","31","76","98","70","110","7","2","1","",".274",".378",".549",".928",".388","","-1.6","4.8","","25.9","-4.4","3.9","14344"
"Xander Bogaerts","BOS","124","526","469","138","33","1","21","76","73","51","97","4","6","1","",".295",".367",".503",".869",".371","","0.5","-5.2","","21.3","-1.1","3.8","12161"
"Francisco Lindor","NYM","113","499","441","115","23","1","21","73","63","47","87","5","14","6","",".260",".337",".460",".797",".339","","-0.1","6.1","","11.2","9.9","3.8","12916"
"Wander Franco","TBR","105","463","423","121","25","7","14","74","62","33","62","2","8","5","",".286",".339",".478",".817",".348","","-0.4","3.6","","14.7","7.0","3.7","23667"
"Matt Chapman","TOR","124","514","450","106","22","3","27","70","75","56","146","5","2","2","",".237",".327",".479",".805",".344","","-0.3","9.1","","8.9","10.9","3.7","16505"
"Bo Bichette","TOR","131","565","523","149","28","2","23","89","82","35","111","4","20","4","",".285",".333",".482",".814",".347","","2.2","-2.1","","14.1","4.0","3.7","19612"
"Ronald Acuña Jr.","ATL","95","425","360","99","18","1","26","77","64","55","111","8","16","6","",".274",".379",".550",".930",".392","","0.3","3.4","","23.9","-1.3","3.7","18401"
"Rafael Devers","BOS","132","571","520","147","35","2","30","90","94","45","117","4","5","4","",".284",".343",".532",".875",".367","","-0.7","-4.8","","20.1","-3.4","3.6","17350"
"Trevor Story","BOS","119","511","455","119","32","5","19","71","64","45","129","7","17","5","",".261",".335",".477",".812",".346","","1.0","5.4","","10.6","7.2","3.5","12564"
"Tommy Edman","STL","133","566","518","144","26","5","12","77","52","36","83","7","26","4","",".278",".331",".415",".746",".323","","3.1","6.4","","6.6","8.4","3.4","19470"
"Ozzie Albies","ATL","131","572","523","142","32","5","23","86","74","40","101","4","15","4","",".271",".325",".481",".807",".342","","1.4","3.1","","9.4","5.0","3.4","16556"
"Bryce Harper","PHI","120","516","424","113","28","1","27","81","81","82","123","5","12","3","",".267",".389",".533",".922",".386","","0.6","-0.9","","27.4","-11.5","3.3","11579"
"Max Muncy","LAD","117","471","391","93","18","2","27","72","83","71","111","7","2","1","",".237",".361",".494",".856",".364","","-0.1","0.9","","18.2","-1.3","3.3","13301"
"Cedric Mullins","BAL","132","561","506","132","26","5","20","71","53","42","106","7","22","6","",".261",".324",".451",".775",".331","","1.9","4.2","","7.6","5.5","3.2","17929"
"J.T. Realmuto","PHI","114","464","416","109","22","2","16","65","62","38","109","7","9","2","",".263",".333",".445",".778",".334","","1.4","3.1","","5.4","11.2","3.2","11739"
"Julio Rodríguez","SEA","82","366","334","92","17","1","13","48","44","26","91","4","16","4","",".274",".333",".443",".776",".333","","1.3","9.4","","8.5","10.7","3.2","23697"
"Brandon Lowe","TBR","120","489","431","103","23","2","27","71","77","49","140","7","6","1","",".240",".324",".486",".811",".344","","0.9","-0.5","","15.3","-0.4","3.2","18882"
"Luis Robert","CHW","98","421","389","108","20","3","19","58","56","23","102","6","15","4","",".278",".327",".489",".816",".346","","1.5","2.3","","12.3","3.8","3.0","20043"
"Jonathan India","CIN","122","512","435","115","27","2","16","79","58","56","116","18","9","3","",".264",".369",".445",".814",".355","","-0.2","1.2","","10.6","2.8","3.0","21523"
"Jorge Polanco","MIN","129","557","506","138","29","3","22","79","78","44","101","3","8","6","",".272",".332",".475",".807",".344","","-0.8","-1.7","","12.1","-0.8","3.0","13152"
"Pete Alonso","NYM","127","541","472","122","21","1","33","72","93","52","126","13","1","0","",".259",".346",".521",".867",".365","","-0.4","-1.1","","23.3","-11.5","3.0","19251"
"Austin Riley","ATL","128","530","476","129","26","1","27","69","79","44","143","8","1","1","",".271",".340",".501",".841",".357","","-0.7","-3.1","","13.2","-1.2","3.0","18360"
"Joey Gallo","NYY","114","448","365","74","12","1","31","66","71","76","169","5","5","1","",".203",".345",".491",".836",".356","","0.5","3.3","","15.4","-1.1","3.0","14128"
"Byron Buxton","MIN","78","296","275","75","20","2","19","49","47","13","77","5","10","2","",".272",".315",".565",".880",".367","","1.1","6.7","","13.5","5.4","2.9","14161"
"Ty France","SEA","132","548","486","140","25","2","19","71","75","37","95","21","1","1","",".288",".362",".462",".824",".356","","-0.2","-0.4","","20.7","-10.4","2.9","17982"
"J.P. Crawford","SEA","132","554","493","133","27","3","11","69","49","49","98","6","4","4","",".270",".342",".400",".742",".324","","-1.3","-1.3","","5.3","4.5","2.9","15491"
"Austin Meadows","DET","124","508","453","122","27","4","23","69","89","47","99","6","6","4","",".270",".344",".498",".842",".357","","-0.9","1.2","","16.0","-4.9","2.9","15672"
"Jose Altuve","HOU","111","501","449","121","21","2","20","80","59","45","75","3","6","3","",".269",".339",".458",".797",".341","","-1.2","-0.8","","10.6","0.7","2.8","5417"
"Bryan Reynolds","PIT","132","542","476","130","26","6","18","73","65","58","114","5","4","2","",".273",".357",".466",".824",".352","","-0.5","-4.8","","13.9","-3.6","2.8","19326"
"Jake Cronenworth","SDP","121","515","456","122","25","6","14","72","56","46","76","7","5","3","",".268",".342",".439",".782",".336","","-0.5","2.7","","7.9","3.1","2.8","18036"
"Willy Adames","MIL","127","505","450","113","23","2","22","68","62","50","144","1","5","4","",".252",".327",".454",".781",".335","","-1.0","1.3","","3.8","7.0","2.8","15986"
"Tim Anderson","CHW","116","496","472","141","25","2","18","78","52","17","99","3","16","5","",".298",".326",".469",".795",".338","","0.7","-4.5","","10.2","0.6","2.8","15172"
"Shohei Ohtani","LAA","127","500","431","111","21","5","31","77","82","64","144","2","18","7","",".257",".355",".541",".896",".372","","0.3","0.0","","23.2","-13.2","2.7","19755"
"Tyler O'Neill","STL","127","480","429","111","21","2","28","76","78","37","147","9","13","4","",".259",".328",".513",".841",".355","","0.3","1.0","","16.0","-5.1","2.7","15711"
"Max Kepler","MIN","109","444","387","93","21","2","20","60","58","48","79","6","7","2","",".240",".331",".464",".795",".340","","0.4","7.1","","9.0","2.8","2.7","12144"
"Yasmani Grandal","CHW","102","404","328","74","13","1","18","48","57","69","96","3","1","1","",".227",".364",".437",".801",".350","","-0.8","2.7","","10.8","2.3","2.7","11368"
"DJ LeMahieu","NYY","120","535","483","137","23","2","11","74","53","45","73","3","4","2","",".283",".347",".404",".751",".328","","-0.6","4.1","","4.9","3.4","2.7","9874"
"Bobby Witt Jr.","KCR","110","491","447","118","24","3","17","57","54","31","109","5","20","7","",".264",".318",".443",".761",".326","","0.9","4.3","","3.6","6.0","2.6","25764"
"Javier Báez","DET","120","480","449","117","23","2","21","64","68","22","136","6","13","5","",".260",".303",".465",".769",".325","","-0.2","1.6","","3.1","6.8","2.6","12979"
"Cody Bellinger","LAD","112","446","392","94","20","3","22","63","70","49","110","2","10","2","",".241",".327",".472",".799",".336","","0.8","1.8","","7.9","3.5","2.6","15998"
"George Springer","TOR","89","388","342","92","17","2","21","64","55","39","83","5","5","2","",".268",".350",".514",".864",".366","","0.4","-0.3","","14.7","-2.4","2.6","12856"
"Anthony Rendon","LAA","91","396","340","91","22","1","14","52","59","47","61","5","3","0","",".267",".363",".462",".825",".354","","0.0","-1.4","","12.0","0.0","2.6","12861"
"Enrique Hernández","BOS","120","468","415","106","26","2","17","64","58","43","92","6","2","1","",".255",".331",".452",".783",".336","","-0.1","2.7","","4.8","4.5","2.5","10472"
"Anthony Rizzo","NYY","114","477","407","105","18","2","22","61","69","49","75","19","6","2","",".258",".363",".476",".838",".359","","-0.4","0.3","","16.9","-8.1","2.5","3473"
"Harrison Bader","STL","113","387","345","84","18","2","13","51","42","32","94","9","11","2","",".244",".321",".418",".739",".317","","1.5","8.5","","2.0","10.1","2.5","18030"
"Luis Urías","MIL","114","451","389","99","19","2","15","59","58","50","96","9","5","2","",".254",".350",".432",".782",".340","","-0.4","-0.7","","5.7","4.2","2.5","16622"
"Trent Grisham","SDP","120","486","420","100","20","4","14","58","54","57","115","4","11","3","",".237",".333",".407",".741",".323","","0.7","3.7","","3.4","5.3","2.5","18564"
"Myles Straw","CLE","132","525","466","126","21","3","3","71","32","53","101","2","27","5","",".271",".345",".349",".694",".309","","3.2","5.0","","-0.1","6.9","2.5","17620"
"Jeff McNeil","NYM","109","428","387","112","23","2","9","54","44","29","55","9","4","1","",".288",".351",".432",".783",".339","","0.3","1.0","","10.0","0.0","2.4","15362"
"Brandon Nimmo","NYM","88","359","296","76","15","4","10","46","29","52","76","7","4","3","",".257",".379",".431",".810",".355","","-0.8","-1.3","","12.0","0.0","2.4","12927"
"Andrés Giménez","CLE","116","402","370","96","18","3","13","49","43","17","96","11","16","4","",".259",".310",".429",".739",".317","","1.0","6.9","","1.0","9.2","2.4","19950"
"Dansby Swanson","ATL","127","515","466","115","26","3","18","65","64","42","136","4","9","2","",".248",".313",".434",".747",".318","","0.3","3.4","","-2.6","9.1","2.4","18314"
"Ketel Marte","ARI","111","460","418","115","28","5","13","56","50","35","76","4","4","1","",".276",".336",".464",".801",".341","","0.1","0.0","","6.6","1.6","2.4","13613"
"Paul Goldschmidt","STL","126","537","473","127","24","2","20","71","70","59","118","2","7","1","",".269",".351",".455",".806",".347","","1.3","0.0","","15.2","-9.6","2.4","9218"
"Eduardo Escobar","NYM","118","490","444","110","23","4","21","59","66","42","108","1","1","1","",".247",".313",".459",".772",".328","","0.0","0.4","","6.6","0.5","2.3","6153"
"Josh Donaldson","NYY","108","438","370","88","19","0","19","56","58","62","102","4","1","1","",".238",".352",".445",".797",".345","","-1.3","1.0","","9.5","-1.3","2.3","5038"
"Brandon Crawford","SFG","114","442","395","99","20","2","13","53","56","40","89","6","6","2","",".251",".326",".412",".738",".317","","0.0","3.2","","0.0","8.2","2.3","5343"
"Kyle Schwarber","PHI","108","431","368","89","16","1","28","63","69","57","119","4","2","2","",".243",".349",".520",".869",".366","","-1.2","-0.2","","14.0","-5.5","2.3","16478"
"Jeimer Candelario","DET","124","521","463","114","28","3","15","62","53","50","117","5","1","1","",".247",".325",".416",".742",".321","","-0.8","2.0","","1.2","3.9","2.3","13621"
"Ke'Bryan Hayes","PIT","99","415","371","96","23","2","8","49","39","37","88","3","8","2","",".260",".330",".398",".728",".317","","0.5","7.5","","-0.5","9.0","2.2","18577"
"Salvador Perez","KCR","121","500","469","117","21","0","29","57","78","18","127","10","1","0","",".250",".290",".482",".772",".325","","0.0","0.2","","2.3","2.8","2.2","7304"
"Christian Yelich","MIL","106","451","382","100","19","2","18","69","61","61","109","4","13","2","",".263",".368",".470",".838",".358","","1.6","-2.2","","14.6","-7.6","2.2","11477"
"MJ Melendez","KCR","97","405","361","88","19","2","16","47","50","35","98","2","2","3","",".244",".313",".440",".753",".323","","-1.3","0.6","","0.1","8.1","2.2","22197"
"Josh Bell","WSN","120","481","419","118","24","2","23","67","85","57","86","3","0","1","",".281",".368",".507",".876",".371","","-2.4","-2.2","","16.4","-10.6","2.2","13145"
"Seiya Suzuki","CHC","120","503","452","128","25","2","21","70","75","45","94","4","10","6","",".284",".351",".483",".834",".352","","-1.1","-0.8","","11.1","-6.1","2.2","30116"
"Willson Contreras","CHC","103","400","345","83","17","1","16","52","52","41","105","12","3","2","",".239",".339",".437",".777",".337","","-0.7","-0.4","","3.8","4.3","2.1","11609"
"Nicky Lopez","KCR","127","496","441","118","20","4","3","58","32","40","65","4","12","3","",".268",".333",".351",".684",".303","","1.0","7.0","","-5.7","10.2","2.1","19339"
"Mitch Haniger","SEA","111","483","435","107","20","2","25","71","73","39","121","7","2","0","",".246",".316",".472",".788",".335","","-0.3","0.2","","9.9","-5.1","2.1","14274"
"Spencer Torkelson","DET","110","463","398","96","20","1","23","59","64","49","106","7","3","2","",".242",".333",".472",".805",".345","","-0.4","2.9","","10.3","-5.1","2.1","27465"
"Sean Murphy","OAK","97","348","308","69","18","1","14","42","47","29","95","8","1","0","",".224",".306",".425",".731",".316","","-0.1","4.1","","1.3","7.7","2.1","19352"
"Adam Duvall","ATL","117","437","399","89","17","2","25","52","89","30","131","5","2","0","",".224",".284",".465",".749",".316","","0.7","7.1","","-2.6","8.9","2.1","10950"
"Tyler Stephenson","CIN","108","345","302","80","15","0","9","45","38","35","71","6","0","0","",".264",".348",".403",".751",".329","","-0.7","3.2","","-0.7","9.3","2.0","17988"
"Andrew Benintendi","KCR","119","498","449","126","26","4","13","61","59","41","91","4","8","5","",".281",".343",".442",".785",".339","","-1.6","1.8","","6.3","-3.2","2.0","17901"
"Joey Wendle","MIA","106","392","360","98","23","3","7","51","37","21","74","8","9","4","",".271",".325",".415",".740",".318","","0.4","2.8","","1.4","5.3","2.0","13853"
"Giancarlo Stanton","NYY","109","458","406","104","16","0","26","51","78","45","132","3","1","0","",".257",".333",".484",".818",".347","","-0.1","0.2","","12.0","-7.8","2.0","4949"
"Paul DeJong","STL","111","427","379","81","18","1","16","52","52","37","112","8","6","2","",".215",".296",".392",".688",".299","","0.4","5.7","","-5.4","10.5","1.9","18015"
"Kolten Wong","MIL","113","432","384","100","20","3","10","53","41","30","74","12","12","4","",".259",".330",".406",".735",".319","","1.1","3.8","","-0.4","5.4","1.9","12532"
"Dylan Carlson","STL","131","536","475","123","28","5","15","67","60","48","119","9","4","2","",".259",".335",".436",".771",".332","","-0.1","0.0","","7.2","-5.8","1.9","20126"
"Isaac Paredes","TBR","90","363","317","80","12","2","11","45","35","39","58","3","1","1","",".251",".336",".404",".741",".323","","-0.5","1.6","","3.9","3.0","1.9","20036"
"Jose Miranda","MIN","103","456","424","114","25","1","14","59","57","21","62","7","2","2","",".269",".312",".428",".740",".318","","-0.7","2.3","","-0.3","4.0","1.9","20538"
"Ha-Seong Kim","SDP","112","390","348","82","18","2","12","51","52","35","79","4","9","1","",".236",".311",".406",".718",".311","","1.5","2.1","","-0.1","6.3","1.9","27506"
"Nathaniel Lowe","TEX","130","534","467","125","22","2","17","65","64","62","127","2","5","0","",".268",".355",".435",".789",".342","","0.6","-1.9","","12.6","-11.7","1.9","19566"
"Keibert Ruiz","WSN","90","368","337","91","18","1","13","38","48","24","45","4","0","0","",".269",".322",".440",".762",".327","","-0.2","-0.2","","0.7","5.9","1.9","19610"
"Jared Walsh","LAA","123","484","439","115","24","2","25","61","86","39","126","4","2","1","",".263",".327",".495",".822",".347","","-1.2","0.0","","10.7","-8.3","1.9","18607"
"Jesús Sánchez","MIA","101","403","367","90","13","3","16","45","51","30","110","5","2","2","",".246",".309",".434",".743",".317","","-1.3","4.5","","-0.5","5.9","1.9","19913"
"Whit Merrifield","KCR","134","593","551","149","31","4","9","73","53","34","87","4","27","5","",".271",".315",".389",".704",".304","","2.5","5.9","","-4.8","3.1","1.9","11281"
"C.J. Cron","COL","112","443","392","106","24","1","25","55","75","38","98","10","1","0","",".271",".348",".531",".879",".370","","-0.1","2.3","","10.4","-6.8","1.8","12546"
"Jeremy Peña","HOU","86","366","336","84","11","4","14","36","36","21","96","6","7","3","",".251",".304",".430",".735",".315","","0.1","1.1","","0.8","5.0","1.8","21636"
"Mark Canha","NYM","108","434","364","90","15","2","14","59","49","51","98","16","5","1","",".247",".361",".416",".777",".342","","-0.1","-2.7","","10.6","-6.8","1.8","11445"
"Miguel Rojas","MIA","116","446","410","106","20","2","7","46","38","28","56","5","8","3","",".258",".312",".366",".678",".296","","-0.2","6.9","","-7.4","10.7","1.8","7802"
"Teoscar Hernández","TOR","112","453","414","112","21","2","25","63","77","31","120","5","8","3","",".269",".326",".505",".831",".352","","0.8","-4.3","","12.0","-9.3","1.8","13066"
"Yandy Díaz","TBR","102","417","360","96","17","1","9","50","44","52","62","3","1","1","",".267",".362",".397",".760",".334","","-1.6","-0.9","","7.1","-3.4","1.8","16578"
"Ryan McMahon","COL","129","487","432","108","25","2","20","62","71","48","135","4","4","2","",".250",".329",".453",".782",".335","","-0.4","2.6","","-3.0","4.5","1.8","15112"
"Adolis García","TEX","126","504","469","109","22","3","24","64","77","24","147","7","12","5","",".233",".278",".444",".722",".306","","0.7","3.7","","-3.1","3.6","1.8","19287"
"Jacob Stallings","MIA","92","327","293","70","13","1","6","30","35","28","71","3","0","0","",".239",".310",".349",".659",".290","","-0.6","8.3","","-7.3","13.9","1.8","13723"
"Brian Anderson","MIA","92","371","324","82","17","1","11","43","40","36","89","9","4","1","",".253",".342",".417",".759",".330","","0.8","0.5","","5.5","-0.4","1.7","18289"
"José Abreu","CHW","121","523","469","122","26","2","22","66","88","40","114","11","1","0","",".261",".332",".465",".797",".340","","-0.6","-0.7","","10.1","-10.5","1.7","15676"
"Gabriel Arias","CLE","100","422","389","101","21","2","11","51","41","24","105","4","4","1","",".260",".308",".409",".716",".309","","0.1","0.8","","-2.5","5.5","1.7","22563"
"Taylor Ward","LAA","91","372","324","85","20","1","15","53","47","40","92","5","5","3","",".263",".350",".475",".825",".354","","-0.4","-2.5","","10.9","-6.4","1.7","17548"
"Akil Baddoo","DET","111","410","368","94","18","6","12","55","48","40","103","0","16","3","",".257",".328",".438",".767",".329","","2.1","-4.6","","6.3","-3.2","1.7","22168"
"Alex Verdugo","BOS","123","485","439","125","26","2","12","61","51","38","72","2","5","2","",".285",".342",".430",".772",".330","","-0.5","3.7","","2.4","-2.0","1.7","17027"
"Michael Brantley","HOU","105","452","414","123","25","2","9","55","48","31","53","3","2","1","",".296",".347",".433",".780",".337","","-0.8","1.4","","8.2","-6.7","1.7","4106"
"Jake Burger","CHW","99","443","397","100","14","1","16","50","47","32","87","10","2","2","",".251",".321",".416",".736",".320","","-0.8","-0.6","","0.8","0.8","1.7","22275"
"Adam Frazier","SEA","132","530","480","128","23","4","7","65","40","37","67","7","6","5","",".266",".326",".372",".698",".305","","-1.2","2.1","","-3.0","1.6","1.7","15223"
"Adalberto Mondesi","KCR","82","326","304","72","14","5","9","40","37","16","96","1","31","5","",".238",".277",".407",".683",".292","","4.1","5.3","","-3.4","8.9","1.7","13769"
"Rhys Hoskins","PHI","109","465","394","92","25","2","22","62","69","62","116","6","2","2","",".234",".345",".480",".824",".353","","-0.6","-1.8","","10.7","-9.6","1.7","16472"
"Danny Jansen","TOR","71","242","211","50","12","1","12","33","33","23","49","5","0","0","",".234",".321",".462",".784",".336","","0.3","0.8","","3.1","5.2","1.7","16535"
"Austin Slater","SFG","110","324","284","72","14","2","10","40","37","33","85","5","11","2","",".251",".338",".422",".760",".329","","1.7","1.7","","5.0","0.6","1.6","16153"
"Francisco Mejía","TBR","78","266","244","62","13","2","8","30","34","14","53","5","0","0","",".255",".309",".427",".735",".315","","0.0","0.8","","1.4","5.7","1.6","16403"
"Max Stassi","LAA","74","253","226","51","8","1","10","32","28","22","79","5","0","0","",".225",".305",".399",".704",".307","","-0.3","4.4","","-2.5","10.0","1.6","10059"
"Isiah Kiner-Falefa","NYY","131","525","486","129","22","2","7","61","44","26","79","8","14","4","",".265",".311",".361",".672",".293","","0.8","1.2","","-8.9","7.2","1.6","16512"
"Patrick Wisdom","CHC","102","380","341","78","15","0","25","53","64","33","140","3","5","2","",".228",".300",".494",".794",".335","","-0.1","-0.9","","3.4","0.0","1.6","13602"
"Omar Narváez","MIL","103","364","322","81","13","0","10","39","39","35","74","5","0","0","",".252",".332",".390",".722",".315","","-0.3","-0.4","","-2.9","6.8","1.6","13338"
"Mike Yastrzemski","SFG","111","430","383","93","21","3","17","56","52","38","107","6","3","2","",".244",".321",".451",".772",".329","","-0.8","1.6","","3.7","-1.9","1.6","14854"
"Nick Castellanos","PHI","122","512","468","131","31","2","22","72","74","35","110","6","3","2","",".280",".335",".494",".830",".351","","-0.5","-5.2","","11.2","-12.2","1.6","11737"
"Gio Urshela","MIN","109","404","375","104","23","1","12","47","49","23","79","2","1","0","",".278",".321",".438",".759",".325","","-0.5","-1.1","","2.4","-0.2","1.6","10681"
"Mike Zunino","TBR","88","299","271","52","10","1","18","38","44","22","107","5","0","0","",".191",".262",".433",".696",".296","","-0.1","3.2","","-3.2","9.0","1.6","13265"
"Gleyber Torres","NYY","120","477","425","109","20","1","17","53","61","43","98","3","8","3","",".257",".326",".425",".751",".324","","-0.5","-3.4","","2.8","-3.1","1.6","16997"
"Brandon Belt","SFG","96","381","327","80","15","2","18","51","47","48","96","5","2","2","",".246",".349",".467",".816",".350","","-0.7","1.1","","9.7","-6.6","1.6","10264"
"Robbie Grossman","DET","124","490","415","103","20","2","13","59","48","65","113","6","11","3","",".247",".353",".401",".754",".331","","-0.5","-1.0","","5.4","-6.4","1.6","5254"
"Jean Segura","PHI","114","485","448","124","22","2","10","61","46","28","66","6","8","3","",".277",".326",".404",".730",".316","","0.3","0.6","","-2.7","2.3","1.6","5933"
"Ian Happ","CHC","127","463","395","96","18","2","20","59","62","61","134","4","7","2","",".244",".348",".452",".799",".345","","0.1","-2.7","","8.3","-8.1","1.6","17919"
"Richie Palacios","CLE","86","351","311","84","20","2","6","46","32","33","63","5","11","2","",".271",".347",".409",".756",".330","","1.1","-2.8","","5.0","-1.5","1.6","24589"
"Jonah Heim","TEX","75","283","258","64","13","0","7","31","31","21","47","2","1","1","",".249",".309",".380",".689",".301","","-0.9","6.0","","-4.2","10.0","1.6","16930"
"Christian Vázquez","BOS","111","402","370","94","17","1","9","42","40","25","73","2","5","4","",".255",".303",".378",".681",".295","","-1.6","4.8","","-10.9","12.7","1.6","9774"
"Nick Ahmed","ARI","108","402","370","90","22","3","9","45","43","28","87","2","5","2","",".244",".298",".394",".692",".297","","0.1","6.5","","-8.9","10.9","1.5","12147"
"Jazz Chisholm Jr.","MIA","109","437","396","94","15","6","17","58","53","33","134","4","18","7","",".238",".301",".436",".737",".315","","0.8","-1.7","","0.8","-0.1","1.5","20454"
"Amed Rosario","CLE","132","536","501","135","23","6","11","67","53","28","105","2","14","4","",".270",".310",".403",".713",".307","","1.3","-4.4","","-3.0","0.0","1.5","15518"
"Gavin Lux","LAD","113","450","401","98","17","5","13","62","58","44","102","2","6","2","",".245",".320",".411",".731",".316","","0.9","-0.6","","0.3","-0.4","1.5","19955"
"Donovan Walton","SEA","80","337","300","77","14","2","9","45","38","24","51","7","2","4","",".256",".324",".403",".726",".316","","-1.6","-0.5","","0.1","3.2","1.5","19314"
"Steven Kwan","CLE","92","400","361","105","17","4","8","51","38","31","44","3","5","4","",".291",".350",".427",".777",".337","","-0.8","-1.1","","5.9","-4.7","1.5","24610"
"Nico Hoerner","CHC","79","293","267","74","12","2","3","30","30","20","42","4","7","4","",".277",".335",".378",".713",".311","","-0.5","5.1","","-3.4","8.4","1.5","21479"
"Austin Hays","BAL","110","456","420","110","24","2","19","58","62","25","95","6","5","4","",".261",".310",".461",".771",".328","","-0.8","1.6","","2.7","-3.6","1.5","19363"
"Andy Ibáñez","TEX","99","390","360","96","19","2","11","48","39","24","60","2","3","2","",".266",".314",".415",".729",".314","","-0.5","4.6","","-0.8","2.1","1.5","18819"
"Tommy Pham","CIN","116","464","399","104","20","2","16","64","48","59","105","3","12","4","",".260",".358",".438",".795",".345","","0.2","-1.4","","6.1","-7.0","1.5","2967"
"David Fletcher","LAA","123","518","482","131","24","4","4","59","35","29","48","2","10","2","",".273",".314",".362",".676",".295","","0.5","2.8","","-9.1","6.0","1.5","17992"
"Eugenio Suárez","SEA","121","494","434","94","18","1","24","56","70","51","144","6","1","1","",".216",".306",".425",".731",".315","","-0.7","-1.8","","1.5","-3.7","1.5","12552"
"Starling Marte","NYM","108","467","425","115","21","2","11","65","52","26","84","13","25","7","",".269",".328",".410",".739",".320","","2.1","-1.5","","5.3","-6.3","1.4","9241"
"J.D. Martinez","BOS","113","490","438","120","29","2","21","64","73","45","114","4","1","0","",".275",".344",".489",".833",".352","","-0.1","-1.7","","11.5","-13.9","1.4","6184"
"Kevin Kiermaier","TBR","101","349","318","73","15","5","6","43","35","25","87","4","8","4","",".229",".293",".372",".665",".288","","0.4","6.7","","-5.7","8.0","1.4","11038"
"Lorenzo Cain","MIL","90","363","326","84","16","0","7","44","28","31","62","4","11","4","",".259",".328",".370",".697",".307","","0.3","5.4","","-4.6","6.7","1.4","9077"
"Jonathan Schoop","DET","129","526","492","124","22","2","18","63","60","23","105","7","2","0","",".252",".294",".411",".705",".303","","0.5","0.0","","-5.6","1.9","1.4","11265"
"Kris Bryant","COL","114","490","429","121","28","2","21","74","65","47","103","11","6","2","",".283",".365",".500",".865",".368","","0.2","-6.9","","11.2","-13.4","1.4","15429"
"Chas McCormick","HOU","95","338","303","74","11","2","10","42","39","30","86","3","6","3","",".246",".317",".399",".717",".312","","-0.9","4.2","","-1.1","3.6","1.4","19599"
"Luis Arraez","MIN","120","476","430","131","21","3","4","58","37","42","42","1","2","3","",".304",".365",".392",".757",".331","","-1.5","-2.7","","4.3","-6.6","1.4","18568"
"Jesse Winker","SEA","104","410","352","90","18","1","13","51","45","49","68","6","1","1","",".256",".356",".423",".779",".340","","-1.0","-4.1","","9.2","-9.4","1.4","13590"
"Victor Robles","WSN","116","437","381","90","22","2","8","50","37","31","106","16","14","5","",".237",".318",".366",".684",".300","","0.8","5.5","","-7.8","7.0","1.4","18363"
"Luis Torrens","SEA","98","367","336","79","16","2","11","37","45","26","94","2","0","1","",".234",".291",".392",".682",".294","","-0.5","-0.5","","-5.2","6.3","1.4","15905"
"Trey Mancini","BAL","125","527","476","129","27","2","21","66","70","41","115","6","0","0","",".271",".335",".468",".803",".342","","-0.4","-3.0","","9.6","-14.0","1.4","15149"
"Eloy Jiménez","CHW","92","382","355","97","17","1","21","44","65","22","93","2","0","0","",".273",".316",".500",".816",".345","","-0.2","-3.9","","9.2","-8.7","1.3","17484"
"Alec Bohm","PHI","112","442","398","106","18","2","13","52","54","36","101","3","5","2","",".265",".327",".411",".738",".319","","0.5","-0.8","","-1.1","-0.2","1.3","21618"
"Daulton Varsho","ARI","98","375","335","84","16","2","14","48","43","33","85","4","9","2","",".250",".321",".438",".759",".325","","1.0","-2.0","","1.1","-0.2","1.3","19918"
"Hunter Renfroe","MIL","118","447","406","93","19","0","26","61","67","36","120","2","2","1","",".229",".293",".470",".763",".323","","-0.4","4.4","","-0.5","-1.0","1.3","15464"
"Johan Camargo","PHI","103","367","334","87","17","1","13","44","44","28","73","2","0","1","",".259",".319",".434",".753",".323","","-0.3","0.1","","-0.6","1.5","1.3","14950"
"Anthony Santander","BAL","111","459","420","108","24","1","19","54","61","30","95","6","2","3","",".257",".313",".454",".767",".327","","-1.3","1.8","","1.6","-4.1","1.3","14551"
"Austin Allen","OAK","71","275","255","62","14","1","10","30","34","15","66","3","0","0","",".244",".292",".423",".714",".305","","-0.5","0.4","","-1.8","5.4","1.3","18083"
"Lourdes Gurriel Jr.","TOR","115","455","424","117","26","2","18","55","66","22","90","4","3","3","",".276",".317",".474",".791",".335","","-1.0","-0.3","","4.1","-6.8","1.3","19238"
"Mitch Garver","TEX","76","280","244","59","10","1","14","36","37","31","74","3","1","1","",".240",".330",".459",".789",".339","","-0.3","-3.3","","5.3","-2.1","1.3","15161"
"Randy Arozarena","TBR","122","489","434","109","26","3","15","68","53","39","131","13","17","8","",".251",".330",".428",".758",".327","","-2.5","-2.1","","5.0","-9.0","1.3","19290"
"Joc Pederson","SFG","118","393","351","85","16","2","19","52","56","32","93","7","2","3","",".243",".317",".461",".778",".332","","-1.4","0.4","","3.7","-4.1","1.3","11899"
"Edmundo Sosa","STL","101","348","317","78","12","3","7","39","29","14","74","13","4","3","",".247",".305",".369",".673",".294","","-0.2","3.6","","-6.3","7.4","1.3","17022"
"Mauricio Dubón","SFG","122","442","409","105","17","2","10","50","41","25","75","3","8","4","",".257",".302",".381",".683",".295","","-0.6","4.8","","-8.5","6.3","1.3","16530"
"Nick Madrigal","CHC","88","361","335","97","16","3","2","38","26","18","27","6","9","6","",".289",".333",".374",".707",".310","","-1.5","4.5","","-5.4","5.7","1.2","20521"
"Kyle Isbel","KCR","97","390","354","87","18","3","9","51","38","27","89","5","13","3","",".246",".307",".394",".700",".303","","1.2","1.3","","-4.0","2.7","1.2","21614"
"Yuli Gurriel","HOU","112","460","420","117","25","1","11","56","56","34","56","3","2","2","",".279",".336",".418",".754",".325","","-1.0","0.5","","3.9","-7.6","1.2","19198"
"Jason Vosler","SFG","91","330","292","68","14","2","11","43","38","30","78","4","1","1","",".234",".311",".406",".717",".310","","-0.5","1.9","","-2.4","3.2","1.2","16686"
"Jason Heyward","CHC","101","364","324","78","13","3","9","43","36","35","72","3","5","1","",".242",".320",".385",".705",".307","","0.2","3.2","","-4.7","4.4","1.2","4940"
"Odúbel Herrera","PHI","96","371","342","89","19","2","11","43","44","22","64","4","5","1","",".261",".310",".425",".735",".316","","0.5","-0.2","","-1.9","1.2","1.2","11476"
"Brett Phillips","TBR","104","314","272","50","7","5","10","40","35","36","119","2","15","2","",".184",".282",".355",".637",".280","","1.8","8.1","","-5.5","6.5","1.2","14735"
"Tom Murphy","SEA","75","255","225","50","9","1","10","29","29","27","82","2","1","1","",".221",".308",".396",".703",".307","","-0.4","0.2","","-1.0","3.9","1.1","13499"
"Orlando Arcia","ATL","105","365","331","82","15","1","10","35","41","28","67","1","4","2","",".249",".308",".393",".701",".303","","-0.8","2.7","","-7.5","6.8","1.1","13185"
"Dylan Moore","SEA","95","293","257","55","11","2","10","34","33","28","79","7","15","6","",".214",".304",".387",".692",".303","","0.9","1.0","","-0.8","2.1","1.1","18042"
"Jorge Soler","MIA","123","502","435","97","21","0","26","59","64","59","138","6","1","1","",".222",".321",".447",".768",".330","","-0.5","-5.1","","5.7","-11.2","1.1","14221"
"Bryan De La Cruz","MIA","110","428","390","106","16","2","11","46","41","30","98","2","2","3","",".271",".325",".411",".737",".318","","-1.2","-1.6","","0.0","-3.0","1.1","19600"
"Jordan Luplow","ARI","73","238","206","48","11","1","10","31","32","28","62","2","3","3","",".232",".329",".442",".771",".333","","-0.7","1.4","","1.0","2.2","1.1","16424"
"Andrew Vaughn","CHW","104","420","372","92","21","0","17","48","47","37","90","9","1","2","",".248",".329",".440",".769",".333","","-0.7","-3.1","","5.4","-8.6","1.1","26197"
"Danny Mendick","CHW","102","356","317","74","13","1","8","38","33","33","77","3","5","4","",".234",".310",".357",".667",".294","","-1.0","2.1","","-7.1","6.1","1.1","18889"
"César Hernández","WSN","122","527","474","120","21","2","12","65","50","45","103","5","4","2","",".253",".322",".379",".701",".306","","-0.8","0.0","","-8.4","1.9","1.1","10556"
"AJ Pollock","CHW","90","336","308","78","16","1","15","41","55","21","69","5","5","1","",".254",".310",".454",".764",".324","","0.6","-0.7","","3.0","-3.5","1.1","9256"
"Rowdy Tellez","MIL","111","389","351","91","19","1","20","50","58","30","88","5","1","1","",".259",".326",".486",".812",".343","","-1.0","0.0","","5.1","-7.1","1.1","15679"
"Ryan Mountcastle","BAL","120","496","462","122","21","2","23","60","76","28","129","4","3","2","",".265",".309",".467",".776",".329","","-0.2","-0.2","","3.9","-9.9","1.1","18373"
"Victor Reyes","DET","114","386","364","102","19","5","8","49","36","17","81","2","11","4","",".281",".315",".427",".741",".318","","0.4","1.1","","0.8","-3.1","1.1","15487"
"Alejandro Kirk","TOR","78","265","234","59","13","0","8","27","28","26","35","2","0","0","",".252",".330",".412",".742",".322","","-0.6","-0.8","","-0.5","2.1","1.1","22581"
"Taylor Walls","TBR","91","364","319","70","16","2","6","40","31","39","98","2","14","7","",".220",".308",".339",".646",".287","","-0.8","3.7","","-7.3","5.5","1.1","22458"
"Tucker Barnhart","DET","97","323","289","68","14","1","5","27","28","28","79","3","0","1","",".235",".309",".336",".645",".285","","-0.8","2.4","","-9.4","8.9","1.1","10200"
"Chris Taylor","LAD","122","460","405","103","24","4","15","63","63","46","133","5","9","2","",".254",".333",".440",".773",".332","","0.3","-4.8","","5.8","-10.7","1.0","13757"
"Ryan Jeffers","MIN","90","335","301","64","12","1","13","35","38","28","107","5","0","1","",".214",".290",".389",".679",".295","","-0.7","1.4","","-6.6","5.5","1.0","24618"
"Ji-Man Choi","TBR","85","314","265","63","14","1","10","34","42","45","89","2","1","1","",".238",".351",".414",".765",".334","","-0.6","-1.3","","6.1","-6.5","1.0","5452"
"Tony Kemp","OAK","111","338","290","75","13","2","5","41","28","38","45","5","7","3","",".259",".353",".373",".726",".322","","0.1","-3.2","","3.2","-4.5","1.0","14894"
"Elehuris Montero","COL","95","388","349","92","15","2","16","52","49","28","86","4","0","0","",".263",".322",".453",".775",".332","","-0.3","-0.9","","-3.3","0.5","1.0","20543"
"Jake Fraley","CIN","84","315","272","65","14","2","13","40","48","35","87","4","11","4","",".239",".334",".444",".778",".335","","0.7","-0.8","","2.1","-2.5","1.0","19260"
"Carson Kelly","ARI","91","317","278","63","12","1","11","33","37","33","71","4","0","0","",".225",".313",".386",".699",".304","","-0.5","0.8","","-6.0","5.5","1.0","13620"
"Miguel Sanó","MIN","103","416","362","80","17","1","25","56","65","48","142","3","1","1","",".220",".314",".478",".793",".337","","-1.0","-2.3","","6.0","-10.1","1.0","12164"
"Jon Berti","MIA","75","263","226","55","10","1","5","38","21","30","60","4","11","4","",".245",".344",".366",".710",".316","","0.4","0.8","","0.7","0.6","1.0","12037"
"Travis d'Arnaud","ATL","67","259","237","60","12","0","9","30","37","18","64","3","0","0","",".255",".312",".415",".727",".314","","-0.4","-1.0","","-2.7","4.0","1.0","7739"
"Michael A. Taylor","KCR","119","400","365","83","16","2","10","43","37","28","110","2","10","5","",".228",".286",".359",".645",".281","","0.2","7.1","","-12.6","8.9","1.0","11489"
"Brad Miller","TEX","101","297","263","60","10","2","13","35","41","30","84","2","3","1","",".228",".309",".430",".739",".316","","0.2","0.9","","0.5","-0.8","1.0","12775"
"Bryson Stott","PHI","89","366","328","78","13","2","9","39","34","33","93","1","5","4","",".239",".309",".373",".682",".298","","-1.2","2.6","","-9.0","6.7","1.0","26294"
"Juan Yepez","STL","84","323","288","70","17","0","15","41","45","26","72","5","1","2","",".242",".313",".454",".767",".328","","-0.7","2.4","","2.6","-3.5","1.0","18400"
"Roberto Pérez","PIT","77","270","235","47","7","1","8","24","28","29","84","2","1","0","",".199",".289",".336",".625",".278","","-0.3","5.4","","-9.7","10.4","1.0","2900"
"Edward Olivares","KCR","100","397","364","96","17","2","11","46","39","24","77","6","12","5","",".264",".318",".414",".732",".316","","0.9","-0.4","","-0.2","-3.6","1.0","19698"
"William Contreras","ATL","79","291","262","66","9","1","12","34","37","24","79","4","0","0","",".250",".321",".430",".751",".324","","-0.2","-4.9","","-0.5","0.4","1.0","20503"
"Tyrone Taylor","MIL","89","296","270","64","14","3","10","33","39","19","68","5","5","1","",".236",".296",".419",".715",".307","","0.3","3.5","","-3.7","3.4","1.0","13675"
"Wilmer Flores","SFG","108","366","331","90","18","1","12","45","46","29","48","4","1","0","",".272",".335",".439",".773",".334","","0.1","-2.5","","5.3","-7.8","1.0","5827"
"Vidal Bruján","TBR","87","366","334","77","16","2","6","43","34","27","70","2","29","7","",".230",".289",".346",".635",".279","","2.4","2.4","","-6.7","3.8","1.0","20536"
"Austin Nola","SDP","84","309","275","69","14","1","7","34","35","24","51","7","1","1","",".251",".322",".380",".702",".308","","-0.2","-2.1","","-2.3","1.4","0.9","15941"
"Justin Turner","LAD","114","461","409","104","16","0","15","59","62","39","78","9","2","0","",".255",".332",".408",".739",".323","","-0.6","-2.2","","1.5","-7.5","0.9","5235"
"René Pinto","TBR","73","287","266","57","12","1","7","29","29","16","87","2","2","2","",".215",".264",".350",".613",".266","","-0.4","4.6","","-10.4","9.8","0.9","19859"
"José Iglesias","COL","117","435","409","120","25","2","6","51","45","16","53","6","5","3","",".294",".328",".408",".736",".318","","-1.3","-0.7","","-9.8","4.5","0.9","10231"
"David Peralta","ARI","108","423","385","102","22","4","10","41","51","33","81","2","2","1","",".264",".323",".417",".740",".317","","0.1","2.3","","-2.5","-2.4","0.9","2136"
"Andrew Knizner","STL","71","260","235","57","10","0","7","29","27","19","48","5","2","0","",".240",".308",".366",".674",".295","","0.2","1.0","","-4.2","4.6","0.9","19514"
"Franmil Reyes","CLE","116","450","408","101","15","1","27","54","76","38","148","2","2","1","",".248",".313",".490",".803",".340","","-0.7","-3.0","","7.8","-14.0","0.9","14566"
"Oscar Mercado","CLE","112","429","389","93","21","3","11","53","44","30","84","5","14","4","",".239",".299",".393",".692",".300","","0.9","3.2","","-5.1","-0.5","0.9","16375"
"Brendan Donovan","STL","92","375","337","82","15","1","7","50","35","27","73","7","7","3","",".243",".312",".353",".664",".293","","-0.3","2.4","","-7.3","3.8","0.9","24679"
"Abraham Toro","SEA","109","439","392","92","19","2","12","54","46","36","76","9","5","3","",".234",".311",".380",".691",".303","","-0.8","0.4","","-3.3","-2.8","0.9","19844"
"Cavan Biggio","TOR","94","373","316","69","14","2","12","46","39","51","105","3","7","2","",".218",".330",".387",".717",".315","","0.8","1.1","","-1.4","-2.5","0.9","19252"
"James McCann","NYM","94","344","314","73","13","1","9","30","38","22","94","5","2","1","",".232",".291",".361",".652",".284","","-0.3","-1.0","","-8.2","5.5","0.9","12859"
"Avisaíl García","MIA","110","437","401","99","18","1","16","48","53","25","109","9","7","3","",".246",".303",".414",".717",".307","","-0.6","3.1","","-3.6","-2.2","0.9","5760"
"Sheldon Neuse","OAK","112","436","402","100","17","2","10","47","47","28","123","3","5","1","",".248",".299",".378",".677",".294","","0.7","-0.5","","-5.1","-0.9","0.9","19635"
"Hoy Park","PIT","89","348","299","72","14","3","7","46","31","41","79","3","8","4","",".240",".337",".378",".715",".313","","0.0","-2.1","","-2.0","-0.8","0.9","18027"
"Steven Duggar","SFG","94","323","292","70","16","3","6","39","33","26","100","2","10","2","",".240",".304",".379",".683",".295","","1.2","1.1","","-4.4","2.2","0.9","17719"
"Andrew Velazquez","LAA","93","314","284","65","15","3","6","41","29","24","90","2","18","3","",".228",".288",".364",".652",".284","","2.1","0.6","","-6.5","4.3","0.8","14196"
"Michael Hermosillo","CHC","64","236","204","45","8","2","9","31","30","20","73","10","5","2","",".220",".319",".411",".730",".319","","0.0","1.0","","-0.8","1.4","0.8","16285"
"Nick Solak","TEX","126","501","451","117","18","2","13","62","55","36","107","10","7","4","",".258",".326",".395",".721",".315","","-0.2","-3.4","","-0.1","-8.5","0.8","19294"
"Gavin Sheets","CHW","99","380","348","88","16","0","17","44","57","26","85","2","1","1","",".253",".307",".444",".751",".322","","-0.5","0.6","","1.6","-6.2","0.8","19901"
"Josh VanMeter","PIT","108","356","311","68","18","2","10","39","39","42","90","2","7","3","",".218",".313",".390",".703",".307","","0.1","-1.0","","-3.8","0.3","0.8","15170"
"Luis Guillorme","NYM","82","230","197","50","9","0","4","25","14","28","39","1","1","1","",".255",".349",".354",".703",".314","","-1.1","0.7","","-0.8","1.5","0.8","16451"
"Jonathan Villar","CHC","122","473","426","109","16","2","13","58","46","39","117","2","18","6","",".256",".319",".394",".713",".310","","0.7","-4.0","","-4.6","-2.9","0.8","10071"
"Marcell Ozuna","ATL","87","370","335","86","15","1","16","44","56","31","78","1","2","0","",".256",".320",".450",".770",".329","","0.0","0.7","","1.3","-5.3","0.8","10324"
"Pavin Smith","ARI","113","438","395","104","19","3","11","49","41","38","83","2","2","1","",".264",".330",".410",".739",".320","","-0.2","0.0","","-1.7","-4.6","0.8","19892"
"Jace Peterson","MIL","99","326","284","66","12","2","7","38","34","38","73","2","9","2","",".233",".326",".364",".691",".306","","1.3","-0.3","","-3.3","0.7","0.8","12325"
"Manuel Margot","TBR","116","406","370","94","18","4","8","47","46","31","71","1","12","7","",".255",".314",".386",".700",".303","","-0.7","2.6","","-2.5","-3.1","0.8","14712"
"Matt Reynolds","CIN","79","301","265","65","16","2","5","41","25","30","81","2","3","2","",".245",".325",".371",".696",".306","","-0.4","1.0","","-6.2","4.4","0.8","13788"
"Sam Hilliard","COL","112","413","372","84","16","4","18","51","51","36","135","2","11","3","",".225",".295",".438",".733",".311","","1.1","4.7","","-9.3","3.7","0.8","17954"
"Jesús Aguilar","MIA","109","400","353","91","14","0","15","40","64","42","84","2","0","0","",".257",".336",".425",".762",".328","","-0.5","0.6","","3.9","-9.1","0.8","11342"
"Alejo Lopez","CIN","93","382","347","95","15","1","4","49","28","26","51","5","5","3","",".273",".331",".353",".684",".302","","-1.0","3.5","","-9.6","4.9","0.8","21127"
"Cal Raleigh","SEA","83","328","303","65","17","0","13","32","40","20","86","2","2","1","",".214",".268",".396",".663",".284","","0.1","-2.3","","-6.8","3.7","0.8","21534"
"Willi Castro","DET","113","439","404","102","18","5","9","51","40","22","101","7","10","4","",".253",".301",".395",".696",".300","","-0.1","-2.4","","-6.1","-0.8","0.8","17338"
"Thairo Estrada","SFG","96","343","317","82","16","1","10","49","42","18","64","5","6","2","",".258",".307",".411",".719",".309","","0.6","-3.4","","-1.5","-1.9","0.8","16426"
"Rougned Odor","BAL","102","388","347","74","18","1","18","50","54","30","112","7","3","4","",".213",".286",".428",".714",".304","","-1.0","-0.8","","-5.6","0.4","0.8","12282"
"Seth Brown","OAK","108","382","352","79","20","3","16","46","57","26","114","2","4","1","",".226",".281",".437",".718",".303","","0.6","1.9","","-1.7","-3.4","0.8","18171"
"Aaron Hicks","NYY","59","238","198","46","7","1","7","32","27","36","54","2","3","2","",".231",".351",".386",".736",".326","","-0.3","-2.4","","1.8","-2.0","0.8","5297"
"Luis Campusano","SDP","79","319","289","69","13","2","10","32","30","23","69","4","1","0","",".238",".300",".396",".696",".302","","-0.9","-4.0","","-4.7","1.9","0.8","22217"
"Brandon Marsh","LAA","92","367","328","82","14","3","6","35","31","32","111","3","8","3","",".249",".318",".369",".687",".301","","0.2","1.9","","-4.7","0.1","0.8","20202"
"Mike Brosseau","MIL","96","328","294","68","14","1","11","39","38","26","88","6","3","1","",".233",".308",".399",".707",".307","","0.0","0.5","","-4.5","1.3","0.8","19683"
"Yonny Hernandez","ARI","90","356","305","73","11","2","1","39","18","40","65","7","21","9","",".240",".339",".301",".640",".293","","0.3","3.7","","-9.0","5.0","0.8","19432"
"Cristian Pache","OAK","106","399","370","78","17","3","10","47","37","23","109","2","5","5","",".212",".261",".355",".616",".267","","-0.9","7.9","","-15.4","9.4","0.8","19948"
"Joey Bart","SFG","68","278","253","59","11","1","9","34","27","19","91","4","1","1","",".233",".295",".383",".678",".295","","-0.4","-0.8","","-5.3","3.6","0.8","21524"
"Elias Díaz","COL","93","318","291","76","16","1","10","38","36","24","53","2","0","0","",".260",".317",".426",".743",".320","","-0.5","-3.0","","-6.3","3.1","0.7","11680"
"Santiago Espinal","TOR","101","357","326","82","17","1","5","37","29","25","59","2","7","4","",".252",".307",".355",".662",".289","","-0.5","4.1","","-10.2","5.4","0.7","19997"
"Adam Engel","CHW","100","326","299","71","15","2","9","36","31","17","81","7","11","3","",".238",".292",".397",".689",".298","","0.5","2.4","","-4.1","0.5","0.7","15082"
"Austin Barnes","LAD","73","221","193","40","8","0","7","28","23","21","54","4","2","1","",".209",".299",".352",".652",".286","","-0.4","2.1","","-6.2","6.2","0.7","12158"
"Yan Gomes","CHC","79","291","269","65","13","1","10","33","36","16","65","4","1","0","",".243",".295",".405",".700",".299","","0.1","1.0","","-5.8","3.4","0.7","9627"
"Victor Caratini","MIL","91","278","246","60","9","0","7","29","32","27","61","4","2","0","",".243",".324",".366",".690",".301","","0.5","-2.4","","-4.7","2.7","0.7","14968"
"Jaylin Davis","BOS","82","336","302","71","14","1","14","43","41","26","103","5","5","2","",".235",".303",".427",".730",".314","","-0.3","2.5","","-2.9","-1.2","0.7","19552"
"Didi Gregorius","PHI","88","350","321","80","15","2","11","41","51","21","54","6","2","2","",".250",".306",".418",".724",".310","","0.0","-4.2","","-3.9","-0.6","0.7","6012"
"Yadier Molina","STL","92","353","332","80","13","0","7","30","42","15","57","4","3","0","",".241",".279",".342",".622",".271","","-0.4","2.5","","-13.5","9.0","0.7","7007"
"Kyle Farmer","CIN","126","412","379","95","20","2","9","41","46","18","78","11","3","2","",".251",".303",".386",".689",".299","","-1.5","-0.1","","-11.8","5.3","0.7","14813"
"Garrett Stubbs","PHI","54","180","159","36","7","1","3","21","15","16","35","2","4","1","",".229",".303",".349",".652",".288","","0.4","2.8","","-4.9","6.1","0.7","18067"
"Kevin Padlo","SFG","86","335","299","61","14","1","10","36","35","30","106","3","5","2","",".204",".282",".360",".642",".280","","0.0","4.8","","-10.0","6.0","0.7","16593"
"Manny Piña","ATL","55","158","139","30","5","0","6","15","23","13","33","4","0","0","",".216",".301",".382",".682",".297","","-0.1","2.8","","-3.8","5.7","0.7","2829"
"José Godoy","MIN","67","264","240","59","11","1","4","32","24","16","54","3","1","0","",".244",".298",".342",".640",".282","","0.6","0.3","","-7.0","5.1","0.7","15808"
"Aledmys Díaz","HOU","80","292","266","65","14","0","7","29","36","18","52","6","1","1","",".243",".303",".380",".683",".296","","-0.4","1.6","","-4.4","1.6","0.7","15937"
"Cam Gallagher","KCR","50","150","137","35","8","0","2","14","11","10","26","1","0","0","",".254",".306",".365",".671",".294","","-0.1","2.4","","-3.2","5.2","0.7","12981"
"Ramón Urías","BAL","96","357","321","79","18","0","9","38","38","28","85","5","2","2","",".246",".314",".387",".701",".306","","-0.4","-2.3","","-4.2","-0.9","0.7","18795"
"Elvis Andrus","OAK","116","464","428","104","21","2","5","53","34","29","70","4","10","3","",".244",".295",".339",".634",".278","","0.8","-1.3","","-11.7","2.9","0.7","8709"
"Jonathan Araúz","BOS","87","309","277","64","13","1","8","39","32","25","63","1","2","1","",".231",".294",".365",".659",".288","","0.3","4.0","","-8.7","5.1","0.7","20275"
"Eric Hosmer","SDP","121","488","442","119","22","1","12","49","64","39","95","3","3","3","",".269",".331",".406",".737",".318","","-1.5","0.7","","-0.6","-8.7","0.7","3516"
"Zach McKinstry","LAD","87","314","285","67","13","2","11","35","43","23","79","3","4","4","",".235",".296",".412",".708",".304","","-1.1","-0.1","","-4.6","1.1","0.7","19392"
"Martín Maldonado","HOU","93","320","281","52","10","1","9","32","31","30","94","5","0","0","",".184",".272",".319",".591",".262","","-0.6","3.1","","-13.9","9.8","0.7","6887"
"Brendan Rodgers","COL","92","370","342","91","18","2","12","42","42","19","78","6","1","1","",".265",".313",".439",".752",".322","","-0.6","-0.4","","-6.5","1.0","0.7","17907"
"Bradley Zimmer","TOR","91","306","266","56","8","1","7","40","29","25","108","13","12","4","",".211",".308",".332",".640",".288","","0.7","3.4","","-7.9","4.1","0.7","16221"
"Owen Miller","CLE","102","412","378","97","21","2","9","47","38","27","95","3","2","2","",".257",".309",".391",".701",".304","","-0.7","3.1","","-5.1","-2.4","0.7","24655"
"Tyler Heineman","TOR","48","169","152","37","8","1","4","19","16","12","32","2","1","1","",".242",".305",".378",".683",".298","","-0.2","1.2","","-3.5","4.3","0.7","13897"
"Josh Harrison","CHW","102","395","361","89","18","2","6","40","37","21","57","12","5","3","",".247",".307",".361",".668",".294","","-0.5","0.8","","-7.6","0.7","0.7","8202"
"Christian Walker","ARI","111","433","390","93","22","2","16","55","51","37","108","4","2","1","",".237",".308",".426",".734",".315","","0.2","3.2","","-3.1","-4.9","0.7","13419"
"Rob Refsnyder","BOS","60","211","189","48","12","1","5","25","22","20","52","2","1","1","",".255",".328",".398",".726",".315","","-0.3","0.1","","-1.7","0.9","0.6","13770"
"Jurickson Profar","SDP","113","400","347","81","19","2","10","50","45","43","62","6","8","2","",".232",".325",".385",".710",".312","","0.3","-0.6","","-1.1","-5.8","0.6","10815"
"Joey Votto","CIN","103","425","361","85","17","1","18","49","59","57","104","5","1","0","",".235",".344",".439",".783",".338","","-1.1","-2.3","","2.0","-9.9","0.6","4314"
"Kevin Newman","PIT","119","465","431","114","21","4","5","46","41","25","45","2","7","4","",".263",".306",".367",".673",".291","","-0.9","-2.3","","-12.0","2.7","0.6","17696"
"Kevin Smith","OAK","98","390","358","77","17","2","13","41","44","25","116","3","10","3","",".215",".270",".386",".656",".282","","0.2","0.3","","-9.1","2.0","0.6","20242"
"Jose Herrera","ARI","72","274","241","51","10","1","5","28","21","30","67","1","2","1","",".210",".297",".313",".611",".273","","-0.1","5.4","","-11.7","8.7","0.6","17040"
"Travis Demeritte","ATL","91","347","308","72","17","1","15","45","44","33","115","3","4","1","",".233",".310",".445",".755",".323","","0.2","-1.3","","-0.5","-4.9","0.6","15958"
"Ben Gamel","PIT","110","341","296","75","18","3","6","39","26","40","82","2","4","4","",".254",".346",".393",".739",".324","","-0.4","-1.9","","0.5","-5.8","0.6","12160"
"Jason Castro","HOU","56","172","145","29","6","0","6","18","17","22","56","3","0","0","",".201",".316",".369",".685",".304","","-0.1","-1.7","","-1.3","1.5","0.6","8722"
"Connor Joe","COL","87","343","296","76","16","2","11","44","42","40","69","4","1","1","",".258",".352",".440",".793",".344","","-0.8","1.2","","0.0","-5.4","0.6","16572"
"Nelson Cruz","WSN","106","439","393","100","13","1","24","59","71","38","99","5","2","0","",".253",".324",".470",".794",".334","","0.0","-0.7","","3.5","-12.2","0.6","2434"
"Cooper Hummel","ARI","90","331","277","62","12","2","9","41","34","45","83","5","3","2","",".224",".343",".379",".722",".321","","-0.3","-0.1","","-1.3","-3.7","0.6","19458"
"Chad Pinder","OAK","87","273","251","63","15","1","9","34","34","16","72","3","1","1","",".251",".302",".426",".728",".312","","-0.1","0.0","","0.2","-3.6","0.6","15191"
"TJ Friedl","CIN","91","358","315","77","12","4","8","40","28","31","67","8","9","4","",".243",".325",".383",".708",".310","","0.1","-1.8","","-5.5","-0.5","0.6","19522"
"Austin Hedges","CLE","82","283","256","49","8","0","10","27","33","17","80","3","1","0","",".191",".248",".343",".590",".254","","-0.2","5.3","","-14.8","11.1","0.6","12976"
"Bryan Lavastida","CLE","73","284","254","62","13","1","6","44","31","23","60","2","8","4","",".244",".311",".374",".685",".299","","-0.3","-4.6","","-4.4","0.6","0.6","24765"
"Eli White","TEX","85","316","284","62","12","2","8","38","26","25","91","5","8","3","",".218",".291",".357",".648",".285","","0.8","2.4","","-7.1","2.2","0.6","19346"
"Kole Calhoun","TEX","94","363","326","72","14","1","15","43","39","32","87","4","2","1","",".223",".298",".404",".702",".302","","-0.3","0.6","","-4.0","-2.5","0.6","11200"
"Kyle Higashioka","NYY","66","220","203","40","10","0","9","23","30","14","59","1","0","0","",".199",".253",".384",".637",".273","","-0.1","1.8","","-7.8","6.1","0.6","5517"
"Wil Myers","SDP","112","397","357","86","19","2","13","43","49","37","117","1","7","4","",".240",".312",".411",".723",".312","","-0.4","-1.1","","-1.6","-5.9","0.6","10047"
"Lars Nootbaar","STL","87","281","252","60","6","2","8","34","29","26","60","1","4","3","",".239",".311",".377",".688",".298","","-0.9","4.3","","-4.9","1.2","0.6","21454"
"Joe Perez","HOU","86","382","356","88","21","0","11","41","39","23","99","0","2","2","",".247",".291",".401",".692",".298","","-0.8","-3.3","","-5.5","-1.9","0.6","22254"
"Riley Adams","WSN","73","269","235","50","10","1","8","27","24","24","90","8","1","0","",".211",".304",".362",".665",".294","","-0.1","-1.7","","-6.7","3.3","0.6","19864"
"Tucupita Marcano","PIT","96","383","345","82","11","2","5","49","28","34","58","0","8","5","",".238",".304",".324",".629",".279","","0.1","4.2","","-12.9","5.6","0.6","22871"
"Geraldo Perdomo","ARI","88","360","312","69","11","4","4","40","22","38","81","6","8","6","",".222",".318",".316",".633",".284","","-0.7","3.0","","-12.6","6.1","0.5","22799"
"Kyle Garlick","MIN","74","231","213","50","13","1","12","31","32","14","69","2","2","0","",".234",".287",".475",".763",".321","","0.1","-1.2","","0.9","-3.3","0.5","18063"
"Niko Goodrum","HOU","87","335","301","66","15","2","9","38","37","29","109","2","11","3","",".219",".291",".374",".665",".290","","0.9","0.7","","-5.4","-0.6","0.5","12092"
"Garrett Cooper","MIA","81","302","265","69","11","1","9","34","34","30","80","7","1","1","",".259",".347",".410",".757",".332","","-0.7","-1.6","","3.5","-8.2","0.5","15279"
"Aristides Aquino","CIN","98","332","297","63","11","1","18","41","53","30","110","3","5","2","",".211",".289",".437",".726",".309","","0.3","2.4","","-5.1","-0.6","0.5","15482"
"J.D. Davis","NYM","90","299","263","68","13","1","9","33","31","30","78","5","2","0","",".258",".343",".422",".764",".332","","-0.2","-5.9","","4.8","-9.5","0.5","16219"
"Marwin Gonzalez","NYY","83","294","266","62","12","0","8","31","34","21","70","5","2","2","",".232",".297",".364",".661",".288","","-0.5","1.2","","-7.0","2.3","0.5","5497"
"Hanser Alberto","LAD","102","338","323","87","16","2","5","35","33","7","35","3","2","2","",".271",".291",".381",".672",".289","","-0.3","0.9","","-8.2","2.1","0.5","11902"
"Connor Wong","BOS","66","272","253","57","12","2","9","29","32","14","93","2","5","2","",".225",".271",".399",".670",".287","","0.6","-1.4","","-7.6","3.5","0.5","19896"
"Reese McGuire","CHW","79","259","235","52","11","1","5","24","18","17","53","2","1","0","",".220",".276",".338",".615",".268","","-0.2","1.1","","-10.4","6.7","0.5","15674"
"Jose Siri","HOU","101","387","357","79","15","3","12","45","46","22","140","4","16","4","",".223",".274",".384",".657",".283","","1.7","-0.8","","-7.8","-0.3","0.5","17452"
"Eddie Rosario","ATL","101","405","378","98","18","1","16","52","60","24","61","0","6","1","",".260",".301",".446",".747",".317","","0.7","-2.7","","-1.9","-6.5","0.5","12155"
"Tim Locastro","NYY","82","232","201","47","10","2","4","34","18","14","46","14","13","3","",".232",".326",".362",".687",".306","","1.4","-1.4","","-0.3","-2.5","0.5","15124"
"Yadiel Hernandez","WSN","96","329","301","84","14","1","12","40","46","25","74","1","2","2","",".279",".334",".450",".784",".335","","-1.3","-3.1","","1.7","-7.6","0.5","19334"
"Colin Moran","CIN","104","352","316","82","14","0","13","34","60","30","87","2","1","1","",".258",".325",".428",".753",".323","","-0.6","-3.0","","-2.3","-4.4","0.5","16909"
"Lane Thomas","WSN","96","343","304","71","16","2","10","42","43","34","95","2","7","4","",".233",".311",".402",".713",".309","","-0.3","0.8","","-4.6","-1.9","0.5","16939"
"Josh Naylor","CLE","97","360","330","88","18","1","12","42","43","26","62","2","2","1","",".266",".320",".432",".752",".322","","-1.1","-1.7","","0.6","-7.9","0.5","18839"
"Jorge Mateo","BAL","107","380","357","84","19","5","8","39","32","16","106","3","17","7","",".236",".273",".382",".654",".280","","0.2","-0.5","","-12.0","3.9","0.5","17273"
"Christian Lopes","OAK","77","302","266","58","13","1","7","34","27","28","79","5","5","3","",".217",".301",".349",".650",".288","","-0.3","-0.6","","-6.0","0.5","0.5","13472"
"Daniel Vogelbach","PIT","104","366","308","72","15","0","15","45","44","55","82","1","0","0","",".235",".350",".424",".774",".337","","-0.4","-0.9","","4.7","-12.2","0.5","14130"
"Matt Duffy","LAA","79","282","250","69","10","0","4","31","23","25","52","5","5","2","",".274",".347",".360",".708",".315","","-0.2","-2.8","","-0.7","-4.2","0.5","13836"
"Daz Cameron","DET","80","336","301","67","14","3","9","38","31","26","95","6","11","4","",".222",".296",".375",".671",".293","","0.4","-2.0","","-6.1","-0.7","0.5","18353"
"Drew Ellis","ARI","87","352","308","65","17","1","10","39","37","35","101","5","1","2","",".212",".300",".365",".666",".293","","-0.7","1.5","","-9.9","2.7","0.5","19873"
"Jarred Kelenic","SEA","110","451","407","89","19","3","19","53","62","38","121","3","11","5","",".219",".289",".416",".705",".302","","-0.2","-3.4","","-3.0","-7.9","0.4","22558"
"Bobby Dalbec","BOS","111","415","372","82","16","3","20","48","56","32","144","8","2","1","",".219",".294",".434",".728",".311","","0.2","1.9","","-4.1","-5.6","0.4","19966"
"Zach Reks","TEX","82","335","299","71","14","1","12","43","40","30","100","4","1","1","",".237",".313",".403",".716",".311","","-0.5","-1.8","","-1.4","-5.5","0.4","19667"
"Nick Senzel","CIN","74","279","255","63","14","2","7","35","26","21","56","1","6","5","",".248",".306",".400",".705",".305","","-1.8","1.5","","-7.3","2.4","0.4","19293"
"Ryan McKenna","BAL","103","348","306","69","13","2","10","39","35","34","107","4","8","5","",".226",".307",".381",".688",".300","","-0.1","0.2","","-5.7","-1.7","0.4","19928"
"Nick Allen","OAK","77","320","293","68","14","2","5","38","29","19","69","2","7","4","",".233",".284",".346",".630",".275","","-0.1","-0.6","","-9.5","3.0","0.4","22277"
"Alex Jackson","MIL","66","242","214","39","7","1","11","26","26","17","97","8","1","0","",".183",".269",".381",".650",".281","","0.0","0.4","","-8.6","4.8","0.4","17276"
"Bobby Bradley","CLE","89","350","315","66","13","1","18","41","48","28","129","5","0","0","",".211",".283",".433",".716",".305","","-0.2","2.4","","-3.7","-4.0","0.4","17278"
"Garrett Hampson","COL","110","384","350","87","16","5","9","51","28","27","93","2","16","5","",".248",".303",".400",".703",".303","","0.7","-1.2","","-11.6","3.0","0.4","19262"
"Dom Nuñez","COL","64","230","198","40","10","2","9","27","27","30","75","2","1","1","",".200",".306",".406",".712",".306","","-0.3","-0.7","","-7.1","3.5","0.4","15055"
"Dustin Garneau","DET","47","152","136","27","7","0","6","17","18","11","43","3","0","0","",".202",".278",".390",".667",".289","","-0.1","-0.4","","-3.5","2.4","0.4","9433"
"Travis Shaw","","85","287","251","53","12","0","10","27","36","30","75","3","1","1","",".212",".303",".379",".682",".298","","-0.3","-0.7","","-6.1","0.4","0.4","11982"
"DJ Stewart","BAL","82","292","252","56","12","1","12","36","39","34","75","4","2","2","",".223",".323",".423",".746",".323","","-0.4","-3.3","","0.6","-6.6","0.4","17766"
"C.J. Abrams","SDP","47","196","177","41","9","1","4","26","19","12","42","3","9","3","",".231",".289",".349",".639",".280","","0.5","1.7","","-5.3","2.7","0.4","25768"
"Sergio Alcántara","ARI","96","321","283","63","9","3","5","35","23","31","81","2","5","2","",".224",".303",".331",".634",".281","","-0.5","4.0","","-12.1","5.3","0.4","16417"
"Jose Trevino","NYY","75","258","244","56","12","0","5","24","24","10","46","0","1","1","",".229",".259",".340",".599",".258","","-0.2","3.2","","-12.5","7.5","0.4","16725"
"Matt Vierling","PHI","100","365","331","76","14","2","8","38","33","24","87","5","8","2","",".229",".290",".350",".640",".280","","0.2","4.4","","-13.0","4.7","0.4","21558"
"Kevin Plawecki","BOS","51","154","137","34","8","1","2","13","15","11","27","3","0","0","",".248",".316",".365",".681",".299","","-0.2","-1.2","","-3.2","1.6","0.4","13807"
"Yu Chang","CLE","78","262","242","57","13","2","9","32","35","15","76","3","2","2","",".235",".287",".416",".703",".301","","-0.5","3.3","","-3.8","-1.5","0.4","14773"
"Charlie Blackmon","COL","113","475","427","117","23","3","15","69","59","38","81","6","3","2","",".274",".340",".444",".784",".337","","-0.1","-3.7","","-1.8","-10.4","0.4","7859"
"Frank Schwindel","CHC","102","418","392","102","21","1","18","49","60","20","74","2","2","1","",".260",".299",".455",".754",".320","","-0.5","-0.6","","-1.6","-8.9","0.4","15351"
"Yonathan Daza","COL","101","351","325","92","16","2","4","33","28","19","58","2","5","3","",".282",".323",".381",".704",".307","","-0.9","2.0","","-11.1","2.8","0.3","15794"
"Jack Mayfield","LAA","91","339","313","72","16","1","12","38","41","18","72","4","5","1","",".231",".280",".402",".682",".293","","0.0","-1.3","","-6.8","-1.3","0.3","15402"
"Rafael Ortega","CHC","109","391","350","86","18","2","11","46","39","35","79","2","9","6","",".246",".317",".402",".719",".312","","-0.7","1.1","","-4.5","-5.1","0.3","10323"
"Robinson Chirinos","BAL","65","204","176","35","8","1","6","19","21","21","63","5","0","0","",".200",".302",".357",".660",".291","","-0.2","-2.7","","-4.9","1.3","0.3","3142"
"Aramis Garcia","CIN","72","265","244","55","11","1","10","29","30","15","83","2","0","1","",".224",".274",".394",".668",".287","","-0.8","1.2","","-10.0","4.5","0.3","16925"
"Josh Lowe","TBR","101","416","368","84","18","3","12","53","47","39","129","2","16","2","",".229",".303",".388",".691",".301","","2.2","-4.0","","-0.6","-10.3","0.3","19953"
"Diego Castillo","PIT","98","394","361","89","18","1","8","41","32","26","55","3","6","2","",".247",".301",".371",".672",".293","","0.2","-2.4","","-8.7","-1.1","0.3","19906"
"Alex Kirilloff","MIN","67","277","258","67","12","1","9","29","33","15","65","2","2","2","",".261",".306",".421",".727",".311","","-0.7","0.9","","-2.1","-4.1","0.3","20325"
"Randal Grichuk","COL","121","473","441","118","25","2","22","59","75","25","99","4","1","2","",".268",".310",".487",".797",".337","","-1.3","-7.8","","-2.9","-9.7","0.3","10243"
"Nick Gordon","MIN","81","294","274","69","13","2","5","31","27","16","69","3","12","3","",".251",".298",".365",".664",".289","","1.1","-0.8","","-5.6","-1.3","0.3","16337"
"Charlie Culberson","TEX","85","205","188","46","10","2","5","23","22","12","51","2","4","1","",".247",".296",".389",".685",".295","","0.5","-1.4","","-3.0","-0.9","0.3","3298"
"Emmanuel Rivera","KCR","89","361","336","82","16","2","8","40","35","19","72","2","3","1","",".243",".286",".368",".654",".283","","0.0","0.4","","-10.9","1.8","0.3","19890"
"Jose Rojas","LAA","91","367","337","76","18","2","12","45","41","26","88","1","4","2","",".225",".281",".396",".677",".291","","-0.2","-2.5","","-8.3","-1.2","0.3","19331"
"Gosuke Katoh","TOR","89","318","283","64","13","2","6","35","24","29","83","2","5","3","",".227",".302",".346",".648",".286","","-0.2","0.7","","-9.7","1.9","0.3","15697"
"Seth Beer","ARI","101","431","379","97","20","0","13","50","46","31","93","18","0","2","",".256",".339",".413",".753",".328","","-1.2","-2.6","","0.0","-11.4","0.3","20493"
"Curt Casali","SFG","63","191","169","36","8","0","5","17","19","17","56","2","0","0","",".212",".293",".342",".635",".278","","-0.5","-0.4","","-6.6","3.1","0.3","12510"
"Tyler Wade","LAA","108","291","260","60","11","2","3","36","19","23","72","3","16","6","",".229",".298",".325",".623",".275","","0.5","0.6","","-9.5","2.5","0.3","15730"
"Luke Maile","CLE","46","143","127","27","8","0","2","16","12","13","40","2","1","0","",".213",".290",".311",".601",".269","","-0.1","1.1","","-5.7","3.7","0.3","13355"
"Chris Owings","BAL","79","244","221","45","9","2","8","27","22","20","80","2","6","3","",".204",".273",".362",".635",".275","","-0.1","2.6","","-9.0","3.5","0.3","10030"
"Christian Arroyo","BOS","58","197","179","44","9","1","6","23","24","10","45","4","2","0","",".245",".299",".403",".703",".304","","0.3","0.1","","-2.9","-1.1","0.3","16434"
"Matt Davidson","ARI","79","307","275","63","14","0","15","34","48","25","88","5","0","0","",".229",".302",".441",".743",".318","","-0.1","-0.1","","-1.8","-5.8","0.3","7226"
"Carlos Santana","KCR","110","464","396","89","16","0","13","50","49","65","71","2","2","0","",".225",".334",".363",".697",".308","","0.0","-0.2","","-4.4","-8.8","0.3","2396"
"Jorge Alfaro","SDP","90","316","291","70","12","1","8","26","35","14","106","7","6","2","",".239",".288",".368",".657",".285","","0.4","-4.4","","-7.8","-0.3","0.2","12180"
"Stephen Piscotty","OAK","78","282","257","61","13","0","9","29","33","20","67","4","2","0","",".240",".302",".393",".695",".301","","0.1","-1.7","","-2.0","-5.2","0.2","13367"
"Mike Moustakas","CIN","91","349","315","77","17","1","14","38","50","28","70","4","2","0","",".246",".313",".444",".757",".323","","0.1","-4.5","","-1.7","-7.6","0.2","4892"
"Jake Marisnick","PIT","93","222","202","44","11","3","5","27","21","12","64","5","5","2","",".218",".276",".368",".644",".280","","0.2","4.0","","-7.3","2.2","0.2","11339"
"Leury García","CHW","108","416","380","95","16","2","7","50","38","24","89","3","7","2","",".249",".298",".362",".660",".288","","0.5","-3.5","","-8.8","-3.0","0.2","5913"
"Jack Suwinski","PIT","94","374","330","74","14","2","13","43","38","38","105","2","5","3","",".223",".305",".398",".703",".305","","-0.2","-1.1","","-5.0","-5.2","0.2","22244"
"Dominic Smith","NYM","116","374","340","86","20","1","10","39","51","24","89","7","1","1","",".254",".314",".403",".717",".310","","0.1","-4.1","","-0.3","-9.9","0.2","15653"
"Adam Haseley","CHW","84","319","289","68","12","1","8","37","32","22","71","4","5","2","",".236",".297",".366",".663",".289","","0.0","-3.0","","-6.9","-1.9","0.2","19878"
"Jo Adell","LAA","95","401","372","89","17","3","17","42","62","22","117","3","7","3","",".240",".286",".443",".728",".310","","0.1","-5.4","","-2.3","-9.2","0.2","20220"
"Alan Trejo","COL","98","364","339","80","16","2","11","41","39","17","90","2","2","3","",".235",".275",".384",".659",".283","","-0.8","4.4","","-18.6","8.4","0.2","20056"
"Eric Haase","DET","94","346","317","67","11","1","13","40","46","25","109","2","2","0","",".212",".272",".376",".649",".281","","-0.5","1.4","","-10.8","1.0","0.2","14111"
"Luke Williams","SFG","91","308","278","60","13","2","5","32","25","23","81","3","11","5","",".216",".282",".323",".605",".267","","-0.1","3.5","","-12.9","4.6","0.2","19931"
"Luke Voit","SDP","83","331","286","67","11","1","14","41","46","37","95","6","1","0","",".235",".331",".423",".754",".327","","-1.0","-2.7","","2.1","-11.3","0.2","14811"
"Alfonso Rivas","CHC","83","337","299","74","13","1","5","41","30","33","84","4","1","2","",".248",".329",".349",".677",".300","","-1.2","3.1","","-7.7","-1.7","0.2","21560"
"Tomás Nido","NYM","55","164","155","34","6","1","3","14","16","5","47","1","1","0","",".216",".247",".325",".572",".245","","-0.2","2.1","","-9.2","5.5","0.2","13755"
"Mark Kolozsvary","CIN","56","206","182","32","7","1","5","19","18","16","73","7","0","1","",".176",".267",".314",".581",".260","","-0.4","3.3","","-12.2","7.1","0.2","21304"
"Trevor Larnach","MIN","93","371","330","76","18","1","10","38","36","32","121","6","2","0","",".230",".307",".379",".686",".300","","0.3","-1.2","","-4.9","-6.0","0.2","21501"
"Tyler Naquin","CIN","102","354","327","84","20","2","12","39","50","22","83","3","4","2","",".257",".309",".436",".744",".318","","-0.2","-0.3","","-3.4","-6.7","0.2","13359"
"Brandon Drury","CIN","96","324","299","72","16","1","12","35","40","21","77","2","0","1","",".240",".290",".422",".712",".305","","-1.4","0.6","","-7.9","-1.2","0.2","11615"
"J.J. Matijevic","HOU","79","331","301","65","15","2","14","37","43","27","112","1","5","2","",".215",".279",".420",".698",".299","","-0.3","0.6","","-4.1","-5.5","0.2","20165"
"Franchy Cordero","BOS","90","334","301","72","18","2","9","44","39","27","104","2","7","2","",".238",".303",".404",".707",".305","","0.8","-1.8","","-4.3","-5.5","0.2","14567"
"Billy McKinney","OAK","101","310","276","56","13","3","9","33","29","30","82","2","2","1","",".203",".281",".370",".652",".282","","-1.3","3.6","","-8.6","-0.3","0.2","15654"
"Darin Ruf","SFG","103","379","334","77","15","1","13","40","42","39","103","4","3","1","",".229",".316",".396",".712",".310","","-0.1","-1.0","","-2.2","-8.8","0.2","9929"
"Andrew McCutchen","MIL","99","414","356","83","16","1","15","53","55","52","96","4","6","3","",".232",".333",".407",".741",".323","","-0.2","-2.4","","-0.3","-12.0","0.1","9847"
"Ryan O'Hearn","KCR","97","335","301","67","14","2","12","32","40","29","86","2","2","0","",".224",".295",".405",".700",".301","","0.0","-1.0","","-5.2","-4.7","0.1","16442"
"Michael Chavis","PIT","90","343","316","78","13","2","15","40","46","18","99","5","2","2","",".247",".295",".442",".738",".315","","-0.9","-3.6","","-2.5","-7.5","0.1","17321"
"Clint Frazier","CHC","82","304","268","61","16","1","10","35","32","30","86","4","3","2","",".227",".314",".407",".721",".314","","-0.1","-3.0","","-2.5","-6.4","0.1","15983"
"Anthony Bemboom","BAL","61","209","186","36","6","1","5","22","17","17","54","2","1","1","",".196",".269",".322",".590",".261","","-0.4","1.1","","-10.4","4.4","0.1","13854"
"Roman Quinn","PHI","41","115","102","23","3","2","2","14","7","9","33","2","9","2","",".222",".298",".333",".632",".280","","0.8","0.0","","-3.3","0.5","0.1","13546"
"Travis Jankowski","NYM","76","205","179","43","5","1","1","27","10","22","39","1","8","3","",".239",".327",".302",".629",".283","","0.0","-0.6","","-4.9","-1.1","0.1","13768"
"Drew Jackson","OAK","66","237","208","41","8","1","5","28","21","23","74","4","10","2","",".198",".287",".307",".595",".266","","0.8","-0.2","","-7.9","0.7","0.1","17807"
"Stephen Vogt","OAK","62","187","167","32","8","1","5","18","20","18","48","0","0","0","",".190",".267",".336",".602",".263","","-0.1","-1.6","","-7.5","1.9","0.1","5000"
"Ernie Clement","CLE","79","317","292","69","15","2","2","32","19","16","43","3","5","4","",".236",".282",".320",".603",".266","","-1.0","4.1","","-14.4","4.2","0.1","20352"
"Payton Henry","MIA","79","299","271","53","9","1","6","28","23","18","101","7","0","1","",".195",".263",".303",".566",".251","","-0.4","1.5","","-16.3","7.0","0.1","22164"
"Harold Ramirez","TBR","103","386","361","97","21","2","8","41","43","17","71","6","3","2","",".269",".310",".400",".710",".306","","-0.8","-4.3","","-1.6","-11.0","0.1","14387"
"Kelvin Gutierrez","BAL","93","354","326","75","10","2","7","32","32","23","87","3","4","2","",".230",".285",".339",".624",".274","","-0.2","1.8","","-13.4","1.9","0.1","17468"
"Keston Hiura","MIL","102","397","353","80","16","2","15","46","48","31","136","9","7","3","",".226",".304",".408",".711",".308","","0.0","-3.9","","-5.1","-7.6","0.1","20003"
"Gary Sánchez","MIN","93","365","321","66","14","1","17","42","51","36","102","6","1","0","",".206",".297",".409",".706",".305","","-1.4","-7.0","","-5.0","-6.9","0.0","11442"
"Tyler Nevin","BAL","96","386","347","81","16","1","12","44","43","30","84","4","2","1","",".233",".301",".389",".690",".300","","-1.1","1.5","","-7.1","-5.6","0.0","17893"
"Gilberto Celestino","MIN","90","350","318","75","17","0","7","43","29","25","76","4","4","2","",".236",".300",".355",".654",".287","","-0.3","-3.0","","-8.9","-3.2","0.0","20233"
"Trayce Thompson","SDP","78","297","264","50","9","1","12","33","38","27","107","3","4","2","",".189",".270",".367",".637",".278","","0.0","-1.8","","-9.4","-0.7","0.0","9952"
"Mickey McDonald","OAK","84","328","294","62","10","2","2","35","21","25","88","4","8","2","",".209",".279",".277",".556",".250","","0.8","3.0","","-15.7","4.2","0.0","20533"
"Miguel Andújar","NYY","59","222","209","56","10","1","8","27","25","10","37","1","0","1","",".267",".301",".442",".743",".317","","-0.5","-5.3","","-0.2","-7.7","0.0","15878"
"Willie Calhoun","TEX","92","355","321","79","16","2","12","40","37","28","49","3","1","1","",".247",".312",".420",".732",".315","","-0.5","-4.7","","-0.4","-12.0","0.0","17838"
"Jackie Bradley Jr.","BOS","111","392","352","76","22","2","8","43","37","30","107","7","7","2","",".215",".289",".354",".643",".282","","0.4","3.3","","-13.0","-0.8","0.0","12984"
"Maikel Franco","WSN","105","396","368","89","21","0","12","34","49","24","62","2","0","0","",".241",".288",".392",".680",".290","","-0.5","-3.1","","-11.6","-2.1","-0.1","12179"
"Anthony Alford","CLE","83","299","267","61","14","2","8","35","33","25","104","5","11","6","",".230",".306",".380",".686",".299","","-0.7","-1.3","","-5.9","-4.6","-0.1","14329"
"Hunter Dozier","KCR","119","468","424","101","22","5","17","51","51","38","126","4","3","3","",".238",".304",".438",".742",".318","","-1.7","-4.8","","-2.3","-14.2","-0.1","15117"
"Derek Hill","DET","89","334","308","72","9","3","6","37","26","19","103","3","11","6","",".234",".284",".345",".629",".275","","-0.4","-1.3","","-11.9","0.0","-0.1","16947"
"Raimel Tapia","TOR","115","434","402","102","21","3","6","52","35","27","77","1","14","3","",".255",".302",".366",".667",".290","","1.6","-1.2","","-9.8","-5.6","-0.1","14350"
"Robinson Canó","NYM","61","235","219","56","11","0","6","23","25","12","41","2","0","0","",".254",".298",".393",".692",".297","","-0.9","-2.4","","-3.8","-4.7","-0.1","3269"
"Mike Ford","SFG","84","323","288","63","14","0","12","40","39","29","74","4","1","0","",".220",".298",".390",".689",".298","","-0.1","-0.6","","-5.0","-6.6","-0.1","15585"
"Andrew Knapp","PIT","56","142","121","25","6","1","2","12","13","18","38","2","0","0","",".211",".319",".319",".639",".287","","0.1","-4.5","","-3.8","-1.8","-0.1","14942"
"Kurt Suzuki","LAA","55","196","175","39","7","0","4","16","17","12","36","7","0","0","",".223",".296",".339",".635",".282","","-0.3","-5.3","","-6.0","-1.7","-0.1","8259"
"Jason Krizan","SFG","83","337","305","77","16","1","7","40","33","25","55","1","1","0","",".251",".308",".377",".685",".299","","-0.1","-1.2","","-5.1","-7.4","-0.1","12394"
"Jake McCarthy","ARI","84","326","294","64","13","5","7","36","28","26","94","3","19","5","",".218",".286",".366",".653",".284","","1.9","-2.4","","-8.9","-3.3","-0.1","21622"
"Vinny Capra","TOR","72","273","249","53","11","1","5","29","23","18","73","3","5","2","",".215",".274",".326",".600",".264","","0.1","1.1","","-12.9","2.1","-0.2","25040"
"Símon Muzziotti","PHI","69","271","250","62","10","2","4","28","19","15","52","2","8","6","",".248",".295",".346",".641",".280","","-1.3","-0.5","","-11.2","0.5","-0.2","19553"
"Sam Huff","TEX","78","318","295","66","12","1","12","34","34","17","111","3","2","2","",".223",".271",".385",".655",".281","","-0.9","3.1","","-9.7","-2.8","-0.2","22209"
"Corey Dickerson","STL","89","314","292","74","15","2","6","32","29","18","54","2","3","2","",".255",".299",".386",".685",".294","","-0.4","0.7","","-5.9","-6.3","-0.2","10762"
"Dee Strange-Gordon","WSN","69","261","247","63","8","3","3","25","19","8","37","2","8","4","",".255",".284",".349",".633",".275","","0.2","-3.0","","-10.4","-0.2","-0.2","8203"
"Harold Castro","DET","102","349","330","92","13","2","4","34","33","13","76","1","2","2","",".279",".306",".362",".668",".290","","-1.0","-6.6","","-8.7","-5.3","-0.2","14691"
"Yoshi Tsutsugo","PIT","104","380","326","72","15","1","12","41","42","46","91","2","0","1","",".221",".318",".379",".696",".305","","-0.9","-1.2","","-5.6","-9.3","-0.2","27459"
"Edwin Ríos","LAD","93","325","296","63","14","2","17","41","48","23","122","5","1","2","",".215",".281",".444",".725",".308","","-0.9","-3.7","","-3.5","-9.7","-0.2","18316"
"Cole Tucker","PIT","98","383","343","75","15","4","6","41","30","34","95","2","8","3","",".219",".292",".341",".634",".278","","0.1","-0.9","","-13.1","-2.4","-0.3","17326"
"Heliot Ramos","SFG","95","402","370","86","17","2","10","45","34","26","116","3","9","4","",".232",".286",".367",".652",".284","","-0.1","-6.7","","-11.0","-5.2","-0.3","22515"
"Alcides Escobar","WSN","89","367","339","81","16","1","5","42","29","19","69","6","4","1","",".240",".289",".332",".620",".273","","0.3","-4.0","","-15.1","-0.2","-0.3","6310"
"Alex Dickerson","ATL","86","264","239","57","10","1","10","32","34","19","61","4","1","0","",".240",".307",".424",".731",".313","","-0.4","-2.1","","-3.0","-9.2","-0.4","12649"
"Stuart Fairchild","SEA","77","302","270","56","11","2","6","30","26","24","85","5","6","3","",".205",".281",".330",".612",".271","","-0.3","-0.5","","-10.0","-3.9","-0.4","20321"
"Matt Beaty","SDP","105","268","240","57","11","1","5","34","32","19","45","7","2","1","",".238",".313",".363",".676",".297","","-0.1","-4.2","","-4.3","-8.4","-0.4","17710"
"Lucius Fox","WSN","75","305","269","54","12","3","5","33","24","29","83","3","16","4","",".202",".286",".320",".605",".270","","1.2","-3.0","","-12.5","-1.8","-0.4","18899"
"José Azocar","SDP","111","423","393","93","14","3","7","46","38","22","110","3","14","6","",".236",".280",".340",".619",".271","","0.2","-1.4","","-15.7","-2.8","-0.4","18821"
"Jed Lowrie","OAK","98","360","324","76","17","0","9","38","46","33","75","2","1","0","",".234",".305",".371",".676",".295","","-0.1","-4.3","","-4.6","-12.0","-0.4","4418"
"Guillermo Heredia","ATL","98","257","226","49","15","0","6","32","20","23","64","6","1","1","",".217",".304",".355",".660",".290","","-0.4","-1.8","","-7.9","-5.1","-0.4","18721"
"Zack Collins","TOR","80","294","253","52","13","1","9","33","36","37","103","2","1","0","",".205",".310",".370",".680",".299","","0.0","-5.9","","-5.5","-9.2","-0.5","19181"
"Nick Plummer","NYM","85","332","284","53","11","2","7","37","26","37","117","8","5","4","",".186",".296",".319",".615",".277","","-0.8","-2.9","","-10.3","-6.6","-0.6","18690"
"Ka'ai Tom","SFG","83","305","272","57","10","3","8","32","35","25","92","6","3","2","",".209",".290",".362",".651",".284","","-0.6","-3.8","","-8.9","-7.1","-0.6","18136"
"JT Riddle","CIN","74","265","245","51","10","1","5","32","24","12","52","4","2","2","",".209",".257",".322",".579",".252","","0.0","-1.0","","-16.9","1.9","-0.6","17642"
"Albert Pujols","STL","86","273","254","60","7","0","11","25","45","14","42","4","2","1","",".235",".283",".396",".679",".289","","-0.7","-1.0","","-6.5","-9.4","-0.7","1177"
"Miguel Cabrera","DET","102","409","372","93","10","0","11","37","53","30","95","4","0","0","",".249",".309",".369",".678",".295","","-1.4","-2.0","","-8.7","-12.5","-0.7","1744"
